payment_id,order_id,date,amount,fee,status,payout_id,reference
PAY-00001,CL-0001,2026-09-01,34.56,1.30,captured,PO-0901,order:CL-0001
PAY-00002,CL-0003,2026-09-01,51.84,1.80,captured,PO-0901,order:CL-0003
PAY-00003,CL-0004,2026-09-01,3.51,0.40,captured,PO-0901,order:CL-0004
PAY-00004,CL-0006,2026-09-01,38.88,1.43,captured,PO-0901,order:CL-0006
PAY-00005,CL-0010,2026-09-01,68.04,2.27,captured,PO-0901,order:CL-0010
PAY-00006,CL-0011,2026-09-01,42.93,1.54,captured,PO-0901,order:CL-0011
PAY-00007,CL-0012,2026-09-01,31.59,1.22,captured,PO-0901,order:CL-0012
PAY-00008,CL-0013,2026-09-01,4.05,0.42,captured,PO-0901,order:CL-0013
PAY-00009,CL-0016,2026-09-01,26.73,1.08,captured,PO-0901,order:CL-0016
PAY-00010,CL-0017,2026-09-01,7.02,0.50,captured,PO-0901,order:CL-0017
PAY-00011,CL-0020,2026-09-01,68.04,2.27,captured,PO-0901,order:CL-0020
PAY-00012,CL-0021,2026-09-01,22.68,0.96,captured,PO-0901,order:CL-0021
PAY-00013,CL-0022,2026-09-01,37.26,1.38,captured,PO-0901,order:CL-0022
PAY-00014,CL-0024,2026-09-01,3.51,0.40,captured,PO-0901,order:CL-0024
PAY-00015,CL-0025,2026-09-01,56.16,1.93,captured,PO-0901,order:CL-0025
PAY-00016,CL-0026,2026-09-01,68.04,2.27,captured,PO-0901,order:CL-0026
PAY-00017,CL-0028,2026-09-01,92.88,2.99,captured,PO-0901,order:CL-0028
PAY-00018,CL-0029,2026-09-01,115.02,3.64,captured,PO-0901,order:CL-0029
PAY-00019,CL-0030,2026-09-01,25.92,1.05,captured,PO-0901,order:CL-0030
PAY-00020,CL-0031,2026-09-01,10.53,0.61,captured,PO-0901,order:CL-0031
PAY-00021,CL-0033,2026-09-01,47.52,1.68,captured,PO-0901,order:CL-0033
PAY-00022,CL-0035,2026-09-01,8.10,0.53,captured,PO-0901,order:CL-0035
PAY-00023,CL-0036,2026-09-01,51.84,1.80,captured,PO-0901,order:CL-0036
PAY-00024,CL-0037,2026-09-01,4.05,0.42,captured,PO-0901,order:CL-0037
PAY-00025,CL-0038,2026-09-01,144.72,4.50,captured,PO-0901,order:CL-0038
PAY-00026,CL-0039,2026-09-01,67.77,2.27,captured,PO-0901,order:CL-0039
PAY-00027,CL-0040,2026-09-01,23.76,0.99,captured,PO-0901,order:CL-0040
PAY-00028,CL-0041,2026-09-01,84.24,2.74,captured,PO-0901,order:CL-0041
PAY-00029,CL-0042,2026-09-01,68.85,2.30,captured,PO-0901,order:CL-0042
PAY-00030,CL-0044,2026-09-01,58.32,1.99,captured,PO-0901,order:CL-0044
PAY-00031,CL-0045,2026-09-01,25.92,1.05,captured,PO-0901,order:CL-0045
PAY-00032,CL-0046,2026-09-01,29.70,1.16,captured,PO-0901,order:CL-0046
PAY-00033,CL-0048,2026-09-01,96.12,3.09,captured,PO-0901,order:CL-0048
PAY-00034,CL-0049,2026-09-01,72.09,2.39,captured,PO-0901,order:CL-0049
PAY-00035,CL-0050,2026-09-02,109.08,3.46,captured,PO-0902,order:CL-0050
PAY-00036,CL-0051,2026-09-02,52.65,1.83,captured,PO-0902,order:CL-0051
PAY-00037,CL-0052,2026-09-02,19.44,0.86,captured,PO-0902,order:CL-0052
PAY-00038,CL-0053,2026-09-02,28.08,1.11,captured,PO-0902,order:CL-0053
PAY-00039,CL-0054,2026-09-02,34.56,1.30,captured,PO-0902,order:CL-0054
PAY-00040,CL-0057,2026-09-02,57.24,1.96,captured,PO-0902,order:CL-0057
PAY-00041,CL-0058,2026-09-02,12.96,0.68,captured,PO-0902,order:CL-0058
PAY-00042,CL-0060,2026-09-02,84.24,2.74,captured,PO-0902,order:CL-0060
PAY-00043,CL-0061,2026-09-02,10.53,0.61,captured,PO-0902,order:CL-0061
PAY-00044,CL-0062,2026-09-02,29.16,1.15,captured,PO-0902,order:CL-0062
PAY-00045,CL-0063,2026-09-02,19.44,0.86,captured,PO-0902,order:CL-0063
PAY-00046,CL-0064,2026-09-02,34.56,1.30,captured,PO-0902,order:CL-0064
PAY-00047,CL-0065,2026-09-02,52.11,1.81,captured,PO-0902,order:CL-0065
PAY-00048,CL-0066,2026-09-02,68.04,2.27,captured,PO-0902,order:CL-0066
PAY-00049,CL-0067,2026-09-02,85.59,2.78,captured,PO-0902,order:CL-0067
PAY-00050,CL-0068,2026-09-02,15.93,0.76,captured,PO-0902,order:CL-0068
PAY-00051,CL-0070,2026-09-02,56.16,1.93,captured,PO-0902,order:CL-0070
PAY-00052,CL-0071,2026-09-02,38.88,1.43,captured,PO-0902,order:CL-0071
PAY-00053,CL-0072,2026-09-02,51.84,1.80,captured,PO-0902,order:CL-0072
PAY-00054,CL-0073,2026-09-02,5.40,0.46,captured,PO-0902,order:CL-0073
PAY-00055,CL-0075,2026-09-02,10.53,0.61,captured,PO-0902,order:CL-0075
PAY-00056,CL-0076,2026-09-02,14.31,0.71,captured,PO-0902,order:CL-0076
PAY-00057,CL-0077,2026-09-02,73.71,2.44,captured,PO-0902,order:CL-0077
PAY-00058,CL-0078,2026-09-02,34.56,1.30,captured,PO-0902,order:CL-0078
PAY-00059,CL-0079,2026-09-02,59.40,2.02,captured,PO-0902,order:CL-0079
PAY-00060,CL-0080,2026-09-02,49.41,1.73,captured,PO-0902,order:CL-0080
PAY-00061,CL-0082,2026-09-02,35.91,1.34,captured,PO-0902,order:CL-0082
PAY-00062,CL-0083,2026-09-02,5.40,0.46,captured,PO-0902,order:CL-0083
PAY-00063,CL-0085,2026-09-02,22.68,0.96,captured,PO-0902,order:CL-0085
PAY-00064,CL-0086,2026-09-02,78.57,2.58,captured,PO-0902,order:CL-0086
PAY-00065,CL-0087,2026-09-02,46.71,1.65,captured,PO-0902,order:CL-0087
PAY-00066,CL-0088,2026-09-02,22.68,0.96,captured,PO-0902,order:CL-0088
PAY-00067,CL-0089,2026-09-02,31.86,1.22,captured,PO-0902,order:CL-0089
PAY-00068,CL-0090,2026-09-02,142.56,4.43,captured,PO-0902,order:CL-0090
PAY-00069,CL-0091,2026-09-02,119.88,3.78,captured,PO-0902,order:CL-0091
PAY-00070,CL-0093,2026-09-03,51.84,1.80,captured,PO-0903,order:CL-0093
PAY-00071,CL-0094,2026-09-03,73.44,2.43,captured,PO-0903,order:CL-0094
PAY-00072,CL-0096,2026-09-03,15.12,0.74,captured,PO-0903,order:CL-0096
PAY-00073,CL-0097,2026-09-03,4.05,0.42,captured,PO-0903,order:CL-0097
PAY-00074,CL-0098,2026-09-03,17.01,0.79,captured,PO-0903,order:CL-0098
PAY-00075,CL-0099,2026-09-03,70.74,2.35,captured,PO-0903,order:CL-0099
PAY-00076,CL-0101,2026-09-03,29.16,1.15,captured,PO-0903,order:CL-0101
PAY-00077,CL-0102,2026-09-03,11.61,0.64,captured,PO-0903,order:CL-0102
PAY-00078,CL-0103,2026-09-03,101.52,3.24,captured,PO-0903,order:CL-0103
PAY-00079,CL-0104,2026-09-03,51.84,1.80,captured,PO-0903,order:CL-0104
PAY-00080,CL-0105,2026-09-03,16.20,0.77,captured,PO-0903,order:CL-0105
PAY-00081,CL-0106,2026-09-03,10.53,0.61,captured,PO-0903,order:CL-0106
PAY-00082,CL-0107,2026-09-03,23.49,0.98,captured,PO-0903,order:CL-0107
PAY-00083,CL-0108,2026-09-03,25.92,1.05,captured,PO-0903,order:CL-0108
PAY-00084,CL-0110,2026-09-03,51.84,1.80,captured,PO-0903,order:CL-0110
PAY-00085,CL-0111,2026-09-03,51.84,1.80,captured,PO-0903,order:CL-0111
PAY-00086,CL-0112,2026-09-03,42.93,1.54,captured,PO-0903,order:CL-0112
PAY-00087,CL-0113,2026-09-03,3.51,0.40,captured,PO-0903,order:CL-0113
PAY-00088,CL-0116,2026-09-03,50.76,1.77,captured,PO-0903,order:CL-0116
PAY-00089,CL-0118,2026-09-03,59.13,2.01,captured,PO-0903,order:CL-0118
PAY-00090,CL-0119,2026-09-03,34.56,1.30,captured,PO-0903,order:CL-0119
PAY-00091,CL-0120,2026-09-03,16.20,0.77,captured,PO-0903,order:CL-0120
PAY-00092,CL-0121,2026-09-03,7.02,0.50,captured,PO-0903,order:CL-0121
PAY-00093,CL-0124,2026-09-03,20.25,0.89,captured,PO-0903,order:CL-0124
PAY-00094,CL-0126,2026-09-03,51.84,1.80,captured,PO-0903,order:CL-0126
PAY-00095,CL-0127,2026-09-03,5.40,0.46,captured,PO-0903,order:CL-0127
PAY-00096,CL-0129,2026-09-03,34.56,1.30,captured,PO-0903,order:CL-0129
PAY-00097,CL-0130,2026-09-03,34.56,1.30,captured,PO-0903,order:CL-0130
PAY-00098,CL-0131,2026-09-03,97.20,3.12,captured,PO-0903,order:CL-0131
PAY-00099,CL-0132,2026-09-03,51.84,1.80,captured,PO-0903,order:CL-0132
PAY-00100,CL-0134,2026-09-03,16.20,0.77,captured,PO-0903,order:CL-0134
PAY-00101,CL-0135,2026-09-03,42.12,1.52,captured,PO-0903,order:CL-0135
PAY-00102,CL-0136,2026-09-03,55.08,1.90,captured,PO-0903,order:CL-0136
PAY-00103,CL-0137,2026-09-03,51.03,1.78,captured,PO-0903,order:CL-0137
PAY-00104,CL-0138,2026-09-03,116.64,3.68,captured,PO-0903,order:CL-0138
PAY-00105,CL-0139,2026-09-03,55.08,1.90,captured,PO-0903,order:CL-0139
PAY-00106,CL-0140,2026-09-04,29.16,1.15,captured,PO-0904,order:CL-0140
PAY-00107,CL-0141,2026-09-04,17.82,0.82,captured,PO-0904,order:CL-0141
PAY-00108,CL-0142,2026-09-04,73.71,2.44,captured,PO-0904,order:CL-0142
PAY-00109,CL-0143,2026-09-04,86.40,2.81,captured,PO-0904,order:CL-0143
PAY-00110,CL-0144,2026-09-04,39.96,1.46,captured,PO-0904,order:CL-0144
PAY-00111,CL-0145,2026-09-04,10.80,0.61,captured,PO-0904,order:CL-0145
PAY-00112,CL-0146,2026-09-04,106.92,3.40,captured,PO-0904,order:CL-0146
PAY-00113,CL-0147,2026-09-04,38.88,1.43,captured,PO-0904,order:CL-0147
PAY-00114,CL-0149,2026-09-04,29.16,1.15,captured,PO-0904,order:CL-0149
PAY-00115,CL-0150,2026-09-04,89.64,2.90,captured,PO-0904,order:CL-0150
PAY-00116,CL-0151,2026-09-04,9.72,0.58,captured,PO-0904,order:CL-0151
PAY-00117,CL-0153,2026-09-04,24.57,1.01,captured,PO-0904,order:CL-0153
PAY-00118,CL-0154,2026-09-04,22.68,0.96,captured,PO-0904,order:CL-0154
PAY-00119,CL-0155,2026-09-04,106.92,3.40,captured,PO-0904,order:CL-0155
PAY-00120,CL-0156,2026-09-04,16.20,0.77,captured,PO-0904,order:CL-0156
PAY-00121,CL-0157,2026-09-04,38.88,1.43,captured,PO-0904,order:CL-0157
PAY-00122,CL-0158,2026-09-04,51.84,1.80,captured,PO-0904,order:CL-0158
PAY-00123,CL-0160,2026-09-04,81.81,2.67,captured,PO-0904,order:CL-0160
PAY-00124,CL-0161,2026-09-04,55.89,1.92,captured,PO-0904,order:CL-0161
PAY-00125,CL-0162,2026-09-04,125.28,3.93,captured,PO-0904,order:CL-0162
PAY-00126,CL-0164,2026-09-04,11.07,0.62,captured,PO-0904,order:CL-0164
PAY-00127,CL-0165,2026-09-04,44.28,1.58,captured,PO-0904,order:CL-0165
PAY-00128,CL-0166,2026-09-04,19.44,0.86,captured,PO-0904,order:CL-0166
PAY-00129,CL-0167,2026-09-04,9.72,0.58,captured,PO-0904,order:CL-0167
PAY-00130,CL-0169,2026-09-04,51.84,1.80,captured,PO-0904,order:CL-0169
PAY-00131,CL-0170,2026-09-04,8.10,0.53,captured,PO-0904,order:CL-0170
PAY-00132,CL-0171,2026-09-04,84.24,2.74,captured,PO-0904,order:CL-0171
PAY-00133,CL-0173,2026-09-04,79.38,2.60,captured,PO-0904,order:CL-0173
PAY-00134,CL-0174,2026-09-04,38.88,1.43,captured,PO-0904,order:CL-0174
PAY-00135,CL-0175,2026-09-04,68.04,2.27,captured,PO-0904,order:CL-0175
PAY-00136,CL-0176,2026-09-04,110.16,3.49,captured,PO-0904,order:CL-0176
PAY-00137,CL-0177,2026-09-04,29.16,1.15,captured,PO-0904,order:CL-0177
PAY-00138,CL-0178,2026-09-04,51.84,1.80,captured,PO-0904,order:CL-0178
PAY-00139,CL-0180,2026-09-04,7.02,0.50,captured,PO-0904,order:CL-0180
PAY-00140,CL-0181,2026-09-04,93.42,3.01,captured,PO-0904,order:CL-0181
PAY-00141,CL-0183,2026-09-04,8.10,0.53,captured,PO-0904,order:CL-0183
PAY-00142,CL-0186,2026-09-05,51.84,1.80,captured,PO-0905,order:CL-0186
PAY-00143,CL-0187,2026-09-05,97.20,3.12,captured,PO-0905,order:CL-0187
PAY-00144,CL-0188,2026-09-05,66.96,2.24,captured,PO-0905,order:CL-0188
PAY-00145,CL-0189,2026-09-05,51.84,1.80,captured,PO-0905,order:CL-0189
PAY-00146,CL-0191,2026-09-05,29.16,1.15,captured,PO-0905,order:CL-0191
PAY-00147,CL-0193,2026-09-05,112.32,3.56,captured,PO-0905,order:CL-0193
PAY-00148,CL-0194,2026-09-05,32.40,1.24,captured,PO-0905,order:CL-0194
PAY-00149,CL-0195,2026-09-05,68.04,2.27,captured,PO-0905,order:CL-0195
PAY-00150,CL-0196,2026-09-05,108.00,3.43,captured,PO-0905,order:CL-0196
PAY-00151,CL-0197,2026-09-05,93.96,3.02,captured,PO-0905,order:CL-0197
PAY-00152,CL-0198,2026-09-05,9.72,0.58,captured,PO-0905,order:CL-0198
PAY-00153,CL-0199,2026-09-05,55.35,1.91,captured,PO-0905,order:CL-0199
PAY-00154,CL-0200,2026-09-05,38.88,1.43,captured,PO-0905,order:CL-0200
PAY-00155,CL-0201,2026-09-05,51.84,1.80,captured,PO-0905,order:CL-0201
PAY-00156,CL-0202,2026-09-05,86.40,2.81,captured,PO-0905,order:CL-0202
PAY-00157,CL-0203,2026-09-05,68.04,2.27,captured,PO-0905,order:CL-0203
PAY-00158,CL-0204,2026-09-05,22.68,0.96,captured,PO-0905,order:CL-0204
PAY-00159,CL-0205,2026-09-05,41.31,1.50,captured,PO-0905,order:CL-0205
PAY-00160,CL-0206,2026-09-05,29.16,1.15,captured,PO-0905,order:CL-0206
PAY-00161,CL-0209,2026-09-05,92.88,2.99,captured,PO-0905,order:CL-0209
PAY-00162,CL-0210,2026-09-05,85.59,2.78,captured,PO-0905,order:CL-0210
PAY-00163,CL-0211,2026-09-05,49.95,1.75,captured,PO-0905,order:CL-0211
PAY-00164,CL-0214,2026-09-05,22.68,0.96,captured,PO-0905,order:CL-0214
PAY-00165,CL-0215,2026-09-05,48.60,1.71,captured,PO-0905,order:CL-0215
PAY-00166,CL-0216,2026-09-05,38.88,1.43,captured,PO-0905,order:CL-0216
PAY-00167,CL-0217,2026-09-05,9.72,0.58,captured,PO-0905,order:CL-0217
PAY-00168,CL-0218,2026-09-05,29.16,1.15,captured,PO-0905,order:CL-0218
PAY-00169,CL-0219,2026-09-05,90.45,2.92,captured,PO-0905,order:CL-0219
PAY-00170,CL-0221,2026-09-05,34.56,1.30,captured,PO-0905,order:CL-0221
PAY-00171,CL-0222,2026-09-05,79.92,2.62,captured,PO-0905,order:CL-0222
PAY-00172,CL-0223,2026-09-05,80.19,2.63,captured,PO-0905,order:CL-0223
PAY-00173,CL-0224,2026-09-05,29.16,1.15,captured,PO-0905,order:CL-0224
PAY-00174,CL-0226,2026-09-05,45.09,1.61,captured,PO-0905,order:CL-0226
PAY-00175,CL-0227,2026-09-05,22.68,0.96,captured,PO-0905,order:CL-0227
PAY-00176,CL-0228,2026-09-05,89.64,2.90,captured,PO-0905,order:CL-0228
PAY-00177,CL-0229,2026-09-05,106.92,3.40,captured,PO-0905,order:CL-0229
PAY-00178,CL-0230,2026-09-06,55.35,1.91,captured,PO-0906,order:CL-0230
PAY-00179,CL-0231,2026-09-06,45.36,1.62,captured,PO-0906,order:CL-0231
PAY-00180,CL-0235,2026-09-06,10.80,0.61,captured,PO-0906,order:CL-0235
PAY-00181,CL-0237,2026-09-06,12.96,0.68,captured,PO-0906,order:CL-0237
PAY-00182,CL-0239,2026-09-06,51.03,1.78,captured,PO-0906,order:CL-0239
PAY-00183,CL-0240,2026-09-06,19.44,0.86,captured,PO-0906,order:CL-0240
PAY-00184,CL-0241,2026-09-06,4.86,0.44,captured,PO-0906,order:CL-0241
PAY-00185,CL-0243,2026-09-06,106.92,3.40,captured,PO-0906,order:CL-0243
PAY-00186,CL-0244,2026-09-06,73.44,2.43,captured,PO-0906,order:CL-0244
PAY-00187,CL-0245,2026-09-06,45.36,1.62,captured,PO-0906,order:CL-0245
PAY-00188,CL-0247,2026-09-06,47.52,1.68,captured,PO-0906,order:CL-0247
PAY-00189,CL-0249,2026-09-06,73.44,2.43,captured,PO-0906,order:CL-0249
PAY-00190,CL-0250,2026-09-06,88.02,2.85,captured,PO-0906,order:CL-0250
PAY-00191,CL-0251,2026-09-06,108.00,3.43,captured,PO-0906,order:CL-0251
PAY-00192,CL-0252,2026-09-06,45.36,1.62,captured,PO-0906,order:CL-0252
PAY-00193,CL-0253,2026-09-06,101.25,3.24,captured,PO-0906,order:CL-0253
PAY-00194,CL-0254,2026-09-06,19.44,0.86,captured,PO-0906,order:CL-0254
PAY-00195,CL-0255,2026-09-06,67.23,2.25,captured,PO-0906,order:CL-0255
PAY-00196,CL-0257,2026-09-06,16.47,0.78,captured,PO-0906,order:CL-0257
PAY-00197,CL-0259,2026-09-06,71.82,2.38,captured,PO-0906,order:CL-0259
PAY-00198,CL-0261,2026-09-06,96.12,3.09,captured,PO-0906,order:CL-0261
PAY-00199,CL-0262,2026-09-06,61.56,2.09,captured,PO-0906,order:CL-0262
PAY-00200,CL-0264,2026-09-06,49.41,1.73,captured,PO-0906,order:CL-0264
PAY-00201,CL-0267,2026-09-06,154.44,4.78,captured,PO-0906,order:CL-0267
PAY-00202,CL-0268,2026-09-06,34.56,1.30,captured,PO-0906,order:CL-0268
PAY-00203,CL-0270,2026-09-06,80.19,2.63,captured,PO-0906,order:CL-0270
PAY-00204,CL-0271,2026-09-06,60.21,2.05,captured,PO-0906,order:CL-0271
PAY-00205,CL-0272,2026-09-06,93.96,3.02,captured,PO-0906,order:CL-0272
PAY-00206,CL-0274,2026-09-06,34.56,1.30,captured,PO-0906,order:CL-0274
PAY-00207,CL-0275,2026-09-06,85.86,2.79,captured,PO-0906,order:CL-0275
PAY-00208,CL-0277,2026-09-06,129.60,4.06,captured,PO-0906,order:CL-0277
PAY-00209,CL-0278,2026-09-06,12.96,0.68,captured,PO-0906,order:CL-0278
PAY-00210,CL-0279,2026-09-06,97.20,3.12,captured,PO-0906,order:CL-0279
PAY-00211,CL-0280,2026-09-06,45.36,1.62,captured,PO-0906,order:CL-0280
PAY-00212,CL-0283,2026-09-08,112.32,3.56,captured,PO-0908,order:CL-0283
PAY-00213,CL-0284,2026-09-08,49.41,1.73,captured,PO-0908,order:CL-0284
PAY-00214,CL-0285,2026-09-08,112.32,3.56,captured,PO-0908,order:CL-0285
PAY-00215,CL-0286,2026-09-08,71.55,2.37,captured,PO-0908,order:CL-0286
PAY-00216,CL-0287,2026-09-08,81.54,2.66,captured,PO-0908,order:CL-0287
PAY-00217,CL-0288,2026-09-08,110.16,3.49,captured,PO-0908,order:CL-0288
PAY-00218,CL-0289,2026-09-08,106.92,3.40,captured,PO-0908,order:CL-0289
PAY-00219,CL-0290,2026-09-08,19.98,0.88,captured,PO-0908,order:CL-0290
PAY-00220,CL-0291,2026-09-08,71.28,2.37,captured,PO-0908,order:CL-0291
PAY-00221,CL-0292,2026-09-08,55.89,1.92,captured,PO-0908,order:CL-0292
PAY-00222,CL-0293,2026-09-08,61.56,2.09,captured,PO-0908,order:CL-0293
PAY-00223,CL-0294,2026-09-08,104.22,3.32,captured,PO-0908,order:CL-0294
PAY-00224,CL-0295,2026-09-08,70.47,2.34,captured,PO-0908,order:CL-0295
PAY-00225,CL-0297,2026-09-08,51.84,1.80,captured,PO-0908,order:CL-0297
PAY-00226,CL-0299,2026-09-08,89.91,2.91,captured,PO-0908,order:CL-0299
PAY-00227,CL-0300,2026-09-08,73.44,2.43,captured,PO-0908,order:CL-0300
PAY-00228,CL-0301,2026-09-08,8.10,0.53,captured,PO-0908,order:CL-0301
PAY-00229,CL-0302,2026-09-08,141.48,4.40,captured,PO-0908,order:CL-0302
PAY-00230,CL-0303,2026-09-08,18.36,0.83,captured,PO-0908,order:CL-0303
PAY-00231,CL-0304,2026-09-08,57.24,1.96,captured,PO-0908,order:CL-0304
PAY-00232,CL-0305,2026-09-08,25.92,1.05,captured,PO-0908,order:CL-0305
PAY-00233,CL-0306,2026-09-08,8.10,0.53,captured,PO-0908,order:CL-0306
PAY-00234,CL-0307,2026-09-08,126.36,3.96,captured,PO-0908,order:CL-0307
PAY-00235,CL-0308,2026-09-08,64.80,2.18,captured,PO-0908,order:CL-0308
PAY-00236,CL-0309,2026-09-08,112.32,3.56,captured,PO-0908,order:CL-0309
PAY-00237,CL-0310,2026-09-08,63.24,2.13,captured,PO-0908,order:CL-0310
PAY-00238,CL-0312,2026-09-08,45.36,1.62,captured,PO-0908,order:CL-0312
PAY-00239,CL-0313,2026-09-08,19.44,0.86,captured,PO-0908,order:CL-0313
PAY-00240,CL-0315,2026-09-08,34.56,1.30,captured,PO-0908,order:CL-0315
PAY-00241,CL-0316,2026-09-08,34.56,1.30,captured,PO-0908,order:CL-0316
PAY-00242,CL-0317,2026-09-08,26.73,1.08,captured,PO-0908,order:CL-0317
PAY-00243,CL-0318,2026-09-08,16.47,0.78,captured,PO-0908,order:CL-0318
PAY-00244,CL-0319,2026-09-08,98.55,3.16,captured,PO-0908,order:CL-0319
PAY-00245,CL-0321,2026-09-08,47.52,1.68,captured,PO-0908,order:CL-0321
PAY-00246,CL-0322,2026-09-08,58.32,1.99,captured,PO-0908,order:CL-0322
PAY-00247,CL-0323,2026-09-08,70.20,2.34,captured,PO-0908,order:CL-0323
PAY-00248,CL-0324,2026-09-08,42.39,1.53,captured,PO-0908,order:CL-0324
PAY-00249,CL-0325,2026-09-08,19.44,0.86,captured,PO-0908,order:CL-0325
PAY-00250,CL-0326,2026-09-08,113.40,3.59,captured,PO-0908,order:CL-0326
PAY-00251,CL-0327,2026-09-08,5.40,0.46,captured,PO-0908,order:CL-0327
PAY-00252,CL-0328,2026-09-08,38.88,1.43,captured,PO-0908,order:CL-0328
PAY-00253,CL-0329,2026-09-08,8.10,0.53,captured,PO-0908,order:CL-0329
PAY-00254,CL-0330,2026-09-08,45.36,1.62,captured,PO-0908,order:CL-0330
PAY-00255,CL-0331,2026-09-08,16.50,0.78,captured,PO-0908,order:CL-0331
PAY-00256,CL-0332,2026-09-08,34.56,1.30,captured,PO-0908,order:CL-0332
PAY-00257,CL-0335,2026-09-08,8.91,0.56,captured,PO-0908,order:CL-0335
PAY-00258,CL-0337,2026-09-09,28.08,1.11,captured,PO-0909,order:CL-0337
PAY-00259,CL-0338,2026-09-09,51.84,1.80,captured,PO-0909,order:CL-0338
PAY-00260,CL-0339,2026-09-09,92.88,2.99,captured,PO-0909,order:CL-0339
PAY-00261,CL-0340,2026-09-09,51.84,1.80,captured,PO-0909,order:CL-0340
PAY-00262,CL-0341,2026-09-09,76.95,2.53,captured,PO-0909,order:CL-0341
PAY-00263,CL-0342,2026-09-09,73.44,2.43,captured,PO-0909,order:CL-0342
PAY-00264,CL-0343,2026-09-09,87.48,2.84,captured,PO-0909,order:CL-0343
PAY-00265,CL-0345,2026-09-09,55.89,1.92,captured,PO-0909,order:CL-0345
PAY-00266,CL-0346,2026-09-09,103.68,3.31,captured,PO-0909,order:CL-0346
PAY-00267,CL-0349,2026-09-09,10.80,0.61,captured,PO-0909,order:CL-0349
PAY-00268,CL-0350,2026-09-09,22.95,0.97,captured,PO-0909,order:CL-0350
PAY-00269,CL-0352,2026-09-09,84.24,2.74,captured,PO-0909,order:CL-0352
PAY-00270,CL-0353,2026-09-09,13.77,0.70,captured,PO-0909,order:CL-0353
PAY-00271,CL-0354,2026-09-09,90.72,2.93,captured,PO-0909,order:CL-0354
PAY-00272,CL-0355,2026-09-09,81.00,2.65,captured,PO-0909,order:CL-0355
PAY-00273,CL-0356,2026-09-09,3.51,0.40,captured,PO-0909,order:CL-0356
PAY-00274,CL-0357,2026-09-09,51.03,1.78,captured,PO-0909,order:CL-0357
PAY-00275,CL-0359,2026-09-09,66.42,2.23,captured,PO-0909,order:CL-0359
PAY-00276,CL-0360,2026-09-09,25.92,1.05,captured,PO-0909,order:CL-0360
PAY-00277,CL-0361,2026-09-09,51.84,1.80,captured,PO-0909,order:CL-0361
PAY-00278,CL-0362,2026-09-09,71.55,2.37,captured,PO-0909,order:CL-0362
PAY-00279,CL-0363,2026-09-09,51.84,1.80,captured,PO-0909,order:CL-0363
PAY-00280,CL-0364,2026-09-09,34.56,1.30,captured,PO-0909,order:CL-0364
PAY-00281,CL-0365,2026-09-09,55.08,1.90,captured,PO-0909,order:CL-0365
PAY-00282,CL-0366,2026-09-09,17.01,0.79,captured,PO-0909,order:CL-0366
PAY-00283,CL-0368,2026-09-09,12.96,0.68,captured,PO-0909,order:CL-0368
PAY-00284,CL-0369,2026-09-09,58.32,1.99,captured,PO-0909,order:CL-0369
PAY-00285,CL-0370,2026-09-09,19.44,0.86,captured,PO-0909,order:CL-0370
PAY-00286,CL-0372,2026-09-09,45.22,1.61,captured,PO-0909,order:CL-0372
PAY-00287,CL-0373,2026-09-09,4.05,0.42,captured,PO-0909,order:CL-0373
PAY-00288,CL-0374,2026-09-09,66.96,2.24,captured,PO-0909,order:CL-0374
PAY-00289,CL-0375,2026-09-09,106.65,3.39,captured,PO-0909,order:CL-0375
PAY-00290,CL-0376,2026-09-09,115.02,3.64,captured,PO-0909,order:CL-0376
PAY-00291,CL-0377,2026-09-09,5.40,0.46,captured,PO-0909,order:CL-0377
PAY-00292,CL-0378,2026-09-09,126.36,3.96,captured,PO-0909,order:CL-0378
PAY-00293,CL-0381,2026-09-09,10.80,0.61,captured,PO-0909,order:CL-0381
PAY-00294,CL-0382,2026-09-09,34.56,1.30,captured,PO-0909,order:CL-0382
PAY-00295,CL-0383,2026-09-09,46.71,1.65,captured,PO-0909,order:CL-0383
PAY-00296,CL-0384,2026-09-09,9.72,0.58,captured,PO-0909,order:CL-0384
PAY-00297,CL-0386,2026-09-09,8.10,0.53,captured,PO-0909,order:CL-0386
PAY-00298,CL-0387,2026-09-09,84.24,2.74,captured,PO-0909,order:CL-0387
PAY-00299,CL-0388,2026-09-10,115.56,3.65,captured,PO-0910,order:CL-0388
PAY-00300,CL-0389,2026-09-10,38.88,1.43,captured,PO-0910,order:CL-0389
PAY-00301,CL-0390,2026-09-10,19.44,0.86,captured,PO-0910,order:CL-0390
PAY-00302,CL-0391,2026-09-10,100.98,3.23,captured,PO-0910,order:CL-0391
PAY-00303,CL-0392,2026-09-10,32.94,1.26,captured,PO-0910,order:CL-0392
PAY-00304,CL-0393,2026-09-10,62.37,2.11,captured,PO-0910,order:CL-0393
PAY-00305,CL-0394,2026-09-10,38.07,1.40,captured,PO-0910,order:CL-0394
PAY-00306,CL-0395,2026-09-10,103.68,3.31,captured,PO-0910,order:CL-0395
PAY-00307,CL-0396,2026-09-10,19.44,0.86,captured,PO-0910,order:CL-0396
PAY-00308,CL-0397,2026-09-10,12.96,0.68,captured,PO-0910,order:CL-0397
PAY-00309,CL-0398,2026-09-10,138.24,4.31,captured,PO-0910,order:CL-0398
PAY-00310,CL-0399,2026-09-10,10.53,0.61,captured,PO-0910,order:CL-0399
PAY-00311,CL-0400,2026-09-10,57.24,1.96,captured,PO-0910,order:CL-0400
PAY-00312,CL-0401,2026-09-10,7.02,0.50,captured,PO-0910,order:CL-0401
PAY-00313,CL-0402,2026-09-10,61.56,2.09,captured,PO-0910,order:CL-0402
PAY-00314,CL-0404,2026-09-10,68.04,2.27,captured,PO-0910,order:CL-0404
PAY-00315,CL-0405,2026-09-10,4.05,0.42,captured,PO-0910,order:CL-0405
PAY-00316,CL-0406,2026-09-10,119.88,3.78,captured,PO-0910,order:CL-0406
PAY-00317,CL-0407,2026-09-10,84.24,2.74,captured,PO-0910,order:CL-0407
PAY-00318,CL-0409,2026-09-10,19.44,0.86,captured,PO-0910,order:CL-0409
PAY-00319,CL-0410,2026-09-10,103.41,3.30,captured,PO-0910,order:CL-0410
PAY-00320,CL-0411,2026-09-10,44.55,1.59,captured,PO-0910,order:CL-0411
PAY-00321,CL-0414,2026-09-10,34.56,1.30,captured,PO-0910,order:CL-0414
PAY-00322,CL-0415,2026-09-10,63.99,2.16,captured,PO-0910,order:CL-0415
PAY-00323,CL-0416,2026-09-10,61.83,2.09,captured,PO-0910,order:CL-0416
PAY-00324,CL-0418,2026-09-10,39.96,1.46,captured,PO-0910,order:CL-0418
PAY-00325,CL-0419,2026-09-10,136.08,4.25,captured,PO-0910,order:CL-0419
PAY-00326,CL-0420,2026-09-10,50.22,1.76,captured,PO-0910,order:CL-0420
PAY-00327,CL-0421,2026-09-10,10.53,0.61,captured,PO-0910,order:CL-0421
PAY-00328,CL-0422,2026-09-10,4.05,0.42,captured,PO-0910,order:CL-0422
PAY-00329,CL-0424,2026-09-10,58.32,1.99,captured,PO-0910,order:CL-0424
PAY-00330,CL-0427,2026-09-10,87.48,2.84,captured,PO-0910,order:CL-0427
PAY-00331,CL-0428,2026-09-10,51.84,1.80,captured,PO-0910,order:CL-0428
PAY-00332,CL-0429,2026-09-10,81.00,2.65,captured,PO-0910,order:CL-0429
PAY-00333,CL-0430,2026-09-10,71.28,2.37,captured,PO-0910,order:CL-0430
PAY-00334,CL-0431,2026-09-10,42.66,1.54,captured,PO-0910,order:CL-0431
PAY-00335,CL-0432,2026-09-11,5.40,0.46,captured,PO-0911,order:CL-0432
PAY-00336,CL-0433,2026-09-11,75.60,2.49,captured,PO-0911,order:CL-0433
PAY-00337,CL-0434,2026-09-11,72.09,2.39,captured,PO-0911,order:CL-0434
PAY-00338,CL-0435,2026-09-11,23.22,0.97,captured,PO-0911,order:CL-0435
PAY-00339,CL-0436,2026-09-11,48.60,1.71,captured,PO-0911,order:CL-0436
PAY-00340,CL-0438,2026-09-11,31.59,1.22,captured,PO-0911,order:CL-0438
PAY-00341,CL-0439,2026-09-11,51.84,1.80,captured,PO-0911,order:CL-0439
PAY-00342,CL-0440,2026-09-11,9.72,0.58,captured,PO-0911,order:CL-0440
PAY-00343,CL-0441,2026-09-11,52.65,1.83,captured,PO-0911,order:CL-0441
PAY-00344,CL-0442,2026-09-11,89.64,2.90,captured,PO-0911,order:CL-0442
PAY-00345,CL-0443,2026-09-11,57.24,1.96,captured,PO-0911,order:CL-0443
PAY-00346,CL-0445,2026-09-11,26.46,1.07,captured,PO-0911,order:CL-0445
PAY-00347,CL-0446,2026-09-11,51.84,1.80,captured,PO-0911,order:CL-0446
PAY-00348,CL-0448,2026-09-11,10.53,0.61,captured,PO-0911,order:CL-0448
PAY-00349,CL-0449,2026-09-11,92.88,2.99,captured,PO-0911,order:CL-0449
PAY-00350,CL-0450,2026-09-11,44.28,1.58,captured,PO-0911,order:CL-0450
PAY-00351,CL-0452,2026-09-11,9.72,0.58,captured,PO-0911,order:CL-0452
PAY-00352,CL-0453,2026-09-11,110.16,3.49,captured,PO-0911,order:CL-0453
PAY-00353,CL-0455,2026-09-11,45.63,1.62,captured,PO-0911,order:CL-0455
PAY-00354,CL-0456,2026-09-11,51.84,1.80,captured,PO-0911,order:CL-0456
PAY-00355,CL-0457,2026-09-11,58.32,1.99,captured,PO-0911,order:CL-0457
PAY-00356,CL-0459,2026-09-11,92.88,2.99,captured,PO-0911,order:CL-0459
PAY-00357,CL-0460,2026-09-11,51.03,1.78,captured,PO-0911,order:CL-0460
PAY-00358,CL-0462,2026-09-11,55.08,1.90,captured,PO-0911,order:CL-0462
PAY-00359,CL-0463,2026-09-11,22.68,0.96,captured,PO-0911,order:CL-0463
PAY-00360,CL-0465,2026-09-11,91.53,2.95,captured,PO-0911,order:CL-0465
PAY-00361,CL-0466,2026-09-11,18.36,0.83,captured,PO-0911,order:CL-0466
PAY-00362,CL-0467,2026-09-11,26.46,1.07,captured,PO-0911,order:CL-0467
PAY-00363,CL-0468,2026-09-11,34.56,1.30,captured,PO-0911,order:CL-0468
PAY-00364,CL-0469,2026-09-11,122.04,3.84,captured,PO-0911,order:CL-0469
PAY-00365,CL-0471,2026-09-11,31.32,1.21,captured,PO-0911,order:CL-0471
PAY-00366,CL-0472,2026-09-11,31.59,1.22,captured,PO-0911,order:CL-0472
PAY-00367,CL-0473,2026-09-11,83.16,2.71,captured,PO-0911,order:CL-0473
PAY-00368,CL-0474,2026-09-11,8.10,0.53,captured,PO-0911,order:CL-0474
PAY-00369,CL-0475,2026-09-11,57.78,1.98,captured,PO-0911,order:CL-0475
PAY-00370,CL-0476,2026-09-11,45.36,1.62,captured,PO-0911,order:CL-0476
PAY-00371,CL-0477,2026-09-11,51.84,1.80,captured,PO-0911,order:CL-0477
PAY-00372,CL-0478,2026-09-11,96.93,3.11,captured,PO-0911,order:CL-0478
PAY-00373,CL-0479,2026-09-11,19.44,0.86,captured,PO-0911,order:CL-0479
PAY-00374,CL-0480,2026-09-11,54.00,1.87,captured,PO-0911,order:CL-0480
PAY-00375,CL-0483,2026-09-12,51.84,1.80,captured,PO-0912,order:CL-0483
PAY-00376,CL-0484,2026-09-12,54.00,1.87,captured,PO-0912,order:CL-0484
PAY-00377,CL-0485,2026-09-12,33.75,1.28,captured,PO-0912,order:CL-0485
PAY-00378,CL-0486,2026-09-12,32.40,1.24,captured,PO-0912,order:CL-0486
PAY-00379,CL-0487,2026-09-12,81.81,2.67,captured,PO-0912,order:CL-0487
PAY-00380,CL-0489,2026-09-12,13.23,0.68,captured,PO-0912,order:CL-0489
PAY-00381,CL-0492,2026-09-12,75.06,2.48,captured,PO-0912,order:CL-0492
PAY-00382,CL-0493,2026-09-12,69.12,2.30,captured,PO-0912,order:CL-0493
PAY-00383,CL-0494,2026-09-12,3.51,0.40,captured,PO-0912,order:CL-0494
PAY-00384,CL-0495,2026-09-12,114.75,3.63,captured,PO-0912,order:CL-0495
PAY-00385,CL-0496,2026-09-12,51.84,1.80,captured,PO-0912,order:CL-0496
PAY-00386,CL-0497,2026-09-12,34.56,1.30,captured,PO-0912,order:CL-0497
PAY-00387,CL-0499,2026-09-12,74.52,2.46,captured,PO-0912,order:CL-0499
PAY-00388,CL-0500,2026-09-12,51.84,1.80,captured,PO-0912,order:CL-0500
PAY-00389,CL-0502,2026-09-12,38.88,1.43,captured,PO-0912,order:CL-0502
PAY-00390,CL-0503,2026-09-12,71.28,2.37,captured,PO-0912,order:CL-0503
PAY-00391,CL-0505,2026-09-12,77.76,2.56,captured,PO-0912,order:CL-0505
PAY-00392,CL-0506,2026-09-12,64.80,2.18,captured,PO-0912,order:CL-0506
PAY-00393,CL-0507,2026-09-12,12.15,0.65,captured,PO-0912,order:CL-0507
PAY-00394,CL-0508,2026-09-12,19.44,0.86,captured,PO-0912,order:CL-0508
PAY-00395,CL-0510,2026-09-12,29.16,1.15,captured,PO-0912,order:CL-0510
PAY-00396,CL-0512,2026-09-12,29.16,1.15,captured,PO-0912,order:CL-0512
PAY-00397,CL-0514,2026-09-12,25.92,1.05,captured,PO-0912,order:CL-0514
PAY-00398,CL-0515,2026-09-12,82.08,2.68,captured,PO-0912,order:CL-0515
PAY-00399,CL-0517,2026-09-12,8.10,0.53,captured,PO-0912,order:CL-0517
PAY-00400,CL-0518,2026-09-12,106.11,3.38,captured,PO-0912,order:CL-0518
PAY-00401,CL-0519,2026-09-12,63.99,2.16,captured,PO-0912,order:CL-0519
PAY-00402,CL-0520,2026-09-12,93.96,3.02,captured,PO-0912,order:CL-0520
PAY-00403,CL-0521,2026-09-12,73.44,2.43,captured,PO-0912,order:CL-0521
PAY-00404,CL-0522,2026-09-12,19.44,0.86,captured,PO-0912,order:CL-0522
PAY-00405,CL-0523,2026-09-12,106.92,3.40,captured,PO-0912,order:CL-0523
PAY-00406,CL-0524,2026-09-12,77.76,2.56,captured,PO-0912,order:CL-0524
PAY-00407,CL-0525,2026-09-14,7.02,0.55,captured,PO-0914,order:CL-0525
PAY-00408,CL-0526,2026-09-12,116.64,3.68,captured,PO-0912,order:CL-0526
PAY-00409,CL-0528,2026-09-12,37.26,1.38,captured,PO-0912,order:CL-0528
PAY-00410,CL-0529,2026-09-12,58.86,2.01,captured,PO-0912,order:CL-0529
PAY-00411,CL-0530,2026-09-12,16.20,0.77,captured,PO-0912,order:CL-0530
PAY-00412,CL-0531,2026-09-12,26.73,1.08,captured,PO-0912,order:CL-0531
PAY-00413,CL-0532,2026-09-12,100.71,3.22,captured,PO-0912,order:CL-0532
PAY-00414,CL-0534,2026-09-13,22.68,0.96,captured,PO-0913,order:CL-0534
PAY-00415,CL-0535,2026-09-13,12.96,0.68,captured,PO-0913,order:CL-0535
PAY-00416,CL-0536,2026-09-13,65.34,2.19,captured,PO-0913,order:CL-0536
PAY-00417,CL-0538,2026-09-13,25.92,1.05,captured,PO-0913,order:CL-0538
PAY-00418,CL-0539,2026-09-13,78.84,2.59,captured,PO-0913,order:CL-0539
PAY-00419,CL-0540,2026-09-13,23.49,0.98,captured,PO-0913,order:CL-0540
PAY-00420,CL-0543,2026-09-13,19.44,0.86,captured,PO-0913,order:CL-0543
PAY-00421,CL-0544,2026-09-13,70.20,2.34,captured,PO-0913,order:CL-0544
PAY-00422,CL-0545,2026-09-13,45.36,1.62,captured,PO-0913,order:CL-0545
PAY-00423,CL-0546,2026-09-13,12.15,0.65,captured,PO-0913,order:CL-0546
PAY-00424,CL-0547,2026-09-13,39.96,1.46,captured,PO-0913,order:CL-0547
PAY-00425,CL-0548,2026-09-13,3.51,0.40,captured,PO-0913,order:CL-0548
PAY-00426,CL-0550,2026-09-13,10.53,0.61,captured,PO-0913,order:CL-0550
PAY-00427,CL-0551,2026-09-13,51.84,1.80,captured,PO-0913,order:CL-0551
PAY-00428,CL-0552,2026-09-13,25.92,1.05,captured,PO-0913,order:CL-0552
PAY-00429,CL-0554,2026-09-13,58.32,1.99,captured,PO-0913,order:CL-0554
PAY-00430,CL-0555,2026-09-13,48.87,1.72,captured,PO-0913,order:CL-0555
PAY-00431,CL-0556,2026-09-13,85.32,2.77,captured,PO-0913,order:CL-0556
PAY-00432,CL-0557,2026-09-13,77.22,2.54,captured,PO-0913,order:CL-0557
PAY-00433,CL-0559,2026-09-13,69.66,2.32,captured,PO-0913,order:CL-0559
PAY-00434,CL-0560,2026-09-13,42.93,1.54,captured,PO-0913,order:CL-0560
PAY-00435,CL-0561,2026-09-13,58.32,1.99,captured,PO-0913,order:CL-0561
PAY-00436,CL-0562,2026-09-13,42.12,1.52,captured,PO-0913,order:CL-0562
PAY-00437,CL-0563,2026-09-13,18.63,0.84,captured,PO-0913,order:CL-0563
PAY-00438,CL-0564,2026-09-13,61.29,2.08,captured,PO-0913,order:CL-0564
PAY-00439,CL-0565,2026-09-13,106.92,3.40,captured,PO-0913,order:CL-0565
PAY-00440,CL-0566,2026-09-13,34.02,1.29,captured,PO-0913,order:CL-0566
PAY-00441,CL-0567,2026-09-13,49.68,1.74,captured,PO-0913,order:CL-0567
PAY-00442,CL-0568,2026-09-13,85.59,2.78,captured,PO-0913,order:CL-0568
PAY-00443,CL-0569,2026-09-13,66.15,2.22,captured,PO-0913,order:CL-0569
PAY-00444,CL-0571,2026-09-13,3.51,0.40,captured,PO-0913,order:CL-0571
PAY-00445,CL-0572,2026-09-13,57.24,1.96,captured,PO-0913,order:CL-0572
PAY-00446,CL-0573,2026-09-13,3.51,0.40,captured,PO-0913,order:CL-0573
PAY-00447,CL-0574,2026-09-15,45.36,1.89,captured,PO-0915,order:CL-0574
PAY-00448,CL-0575,2026-09-15,9.72,0.64,captured,PO-0915,order:CL-0575
PAY-00449,CL-0576,2026-09-15,4.05,0.44,captured,PO-0915,order:CL-0576
PAY-00450,CL-0577,2026-09-15,22.41,1.08,captured,PO-0915,order:CL-0577
PAY-00451,CL-0579,2026-09-15,76.68,2.98,captured,PO-0915,order:CL-0579
PAY-00452,CL-0580,2026-09-15,9.72,0.64,captured,PO-0915,order:CL-0580
PAY-00453,CL-0581,2026-09-15,54.00,2.19,captured,PO-0915,order:CL-0581
PAY-00454,CL-0582,2026-09-15,18.36,0.94,captured,PO-0915,order:CL-0582
PAY-00455,CL-0583,2026-09-15,25.92,1.21,captured,PO-0915,order:CL-0583
PAY-00456,CL-0584,2026-09-15,155.52,5.74,captured,PO-0915,order:CL-0584
PAY-00457,CL-0585,2026-09-15,46.71,1.93,captured,PO-0915,order:CL-0585
PAY-00458,CL-0586,2026-09-15,34.56,1.51,captured,PO-0915,order:CL-0586
PAY-00459,CL-0587,2026-09-15,43.74,1.83,captured,PO-0915,order:CL-0587
PAY-00460,CL-0588,2026-09-15,22.68,1.09,captured,PO-0915,order:CL-0588
PAY-00461,CL-0589,2026-09-15,74.52,2.91,captured,PO-0915,order:CL-0589
PAY-00462,CL-0590,2026-09-15,58.32,2.34,captured,PO-0915,order:CL-0590
PAY-00463,CL-0591,2026-09-15,54.00,2.19,captured,PO-0915,order:CL-0591
PAY-00464,CL-0593,2026-09-15,77.76,3.02,captured,PO-0915,order:CL-0593
PAY-00465,CL-0595,2026-09-15,81.54,3.15,captured,PO-0915,order:CL-0595
PAY-00466,CL-0596,2026-09-15,83.70,3.23,captured,PO-0915,order:CL-0596
PAY-00467,CL-0598,2026-09-15,102.60,3.89,captured,PO-0915,order:CL-0598
PAY-00468,CL-0599,2026-09-15,78.57,3.05,captured,PO-0915,order:CL-0599
PAY-00469,CL-0601,2026-09-15,58.32,2.34,captured,PO-0915,order:CL-0601
PAY-00470,CL-0602,2026-09-15,34.02,1.49,captured,PO-0915,order:CL-0602
PAY-00471,CL-0603,2026-09-15,38.88,1.66,captured,PO-0915,order:CL-0603
PAY-00472,CL-0604,2026-09-15,57.24,2.30,captured,PO-0915,order:CL-0604
PAY-00473,CL-0606,2026-09-15,112.32,4.23,captured,PO-0915,order:CL-0606
PAY-00474,CL-0607,2026-09-15,71.28,2.79,captured,PO-0915,order:CL-0607
PAY-00475,CL-0608,2026-09-15,10.80,0.68,captured,PO-0915,order:CL-0608
PAY-00476,CL-0609,2026-09-15,23.22,1.11,captured,PO-0915,order:CL-0609
PAY-00477,CL-0610,2026-09-15,45.36,1.89,captured,PO-0915,order:CL-0610
PAY-00478,CL-0611,2026-09-15,46.71,1.93,captured,PO-0915,order:CL-0611
PAY-00479,CL-0612,2026-09-15,90.72,3.48,captured,PO-0915,order:CL-0612
PAY-00480,CL-0613,2026-09-15,78.84,3.06,captured,PO-0915,order:CL-0613
PAY-00481,CL-0614,2026-09-15,42.66,1.79,captured,PO-0915,order:CL-0614
PAY-00482,CL-0615,2026-09-15,97.20,3.70,captured,PO-0915,order:CL-0615
PAY-00483,CL-0616,2026-09-15,4.05,0.44,captured,PO-0915,order:CL-0616
PAY-00484,CL-0617,2026-09-16,38.07,1.63,captured,PO-0916,order:CL-0617
PAY-00485,CL-0618,2026-09-16,53.19,2.16,captured,PO-0916,order:CL-0618
PAY-00486,CL-0619,2026-09-16,38.88,1.66,captured,PO-0916,order:CL-0619
PAY-00487,CL-0620,2026-09-16,44.28,1.85,captured,PO-0916,order:CL-0620
PAY-00488,CL-0621,2026-09-16,33.75,1.48,captured,PO-0916,order:CL-0621
PAY-00489,CL-0622,2026-09-16,103.68,3.93,captured,PO-0916,order:CL-0622
PAY-00490,CL-0623,2026-09-16,64.80,2.57,captured,PO-0916,order:CL-0623
PAY-00491,CL-0624,2026-09-16,4.05,0.44,captured,PO-0916,order:CL-0624
PAY-00492,CL-0626,2026-09-16,96.12,3.66,captured,PO-0916,order:CL-0626
PAY-00493,CL-0627,2026-09-16,45.36,1.89,captured,PO-0916,order:CL-0627
PAY-00494,CL-0628,2026-09-16,22.95,1.10,captured,PO-0916,order:CL-0628
PAY-00495,CL-0629,2026-09-16,65.34,2.59,captured,PO-0916,order:CL-0629
PAY-00496,CL-0630,2026-09-16,61.56,2.45,captured,PO-0916,order:CL-0630
PAY-00497,CL-0632,2026-09-16,75.06,2.93,captured,PO-0916,order:CL-0632
PAY-00498,CL-0633,2026-09-16,45.09,1.88,captured,PO-0916,order:CL-0633
PAY-00499,CL-0634,2026-09-16,102.60,3.89,captured,PO-0916,order:CL-0634
PAY-00500,CL-0636,2026-09-16,16.20,0.87,captured,PO-0916,order:CL-0636
PAY-00501,CL-0637,2026-09-16,86.40,3.32,captured,PO-0916,order:CL-0637
PAY-00502,CL-0639,2026-09-16,61.83,2.46,captured,PO-0916,order:CL-0639
PAY-00503,CL-0640,2026-09-16,23.22,1.11,captured,PO-0916,order:CL-0640
PAY-00504,CL-0641,2026-09-16,58.32,2.34,captured,PO-0916,order:CL-0641
PAY-00505,CL-0643,2026-09-16,26.73,1.24,captured,PO-0916,order:CL-0643
PAY-00506,CL-0644,2026-09-16,63.99,2.54,captured,PO-0916,order:CL-0644
PAY-00507,CL-0645,2026-09-16,21.06,1.04,captured,PO-0916,order:CL-0645
PAY-00508,CL-0646,2026-09-16,105.84,4.00,captured,PO-0916,order:CL-0646
PAY-00509,CL-0647,2026-09-16,89.91,3.45,captured,PO-0916,order:CL-0647
PAY-00510,CL-0650,2026-09-16,112.32,4.23,captured,PO-0916,order:CL-0650
PAY-00511,CL-0651,2026-09-16,22.68,1.09,captured,PO-0916,order:CL-0651
PAY-00512,CL-0652,2026-09-16,38.88,1.66,captured,PO-0916,order:CL-0652
PAY-00513,CL-0654,2026-09-16,77.76,3.02,captured,PO-0916,order:CL-0654
PAY-00514,CL-0656,2026-09-16,8.10,0.58,captured,PO-0916,order:CL-0656
PAY-00515,CL-0657,2026-09-16,79.92,3.10,captured,PO-0916,order:CL-0657
PAY-00516,CL-0658,2026-09-16,85.86,3.31,captured,PO-0916,order:CL-0658
PAY-00517,CL-0661,2026-09-16,90.72,3.48,captured,PO-0916,order:CL-0661
PAY-00518,CL-0662,2026-09-17,19.98,1.00,captured,PO-0917,order:CL-0662
PAY-00519,CL-0663,2026-09-17,42.93,1.80,captured,PO-0917,order:CL-0663
PAY-00520,CL-0664,2026-09-17,19.44,0.98,captured,PO-0917,order:CL-0664
PAY-00521,CL-0665,2026-09-17,50.76,2.08,captured,PO-0917,order:CL-0665
PAY-00522,CL-0666,2026-09-17,34.56,1.51,captured,PO-0917,order:CL-0666
PAY-00523,CL-0667,2026-09-17,48.33,1.99,captured,PO-0917,order:CL-0667
PAY-00524,CL-0670,2026-09-17,102.60,3.89,captured,PO-0917,order:CL-0670
PAY-00525,CL-0671,2026-09-17,34.56,1.51,captured,PO-0917,order:CL-0671
PAY-00526,CL-0672,2026-09-17,126.36,4.72,captured,PO-0917,order:CL-0672
PAY-00527,CL-0674,2026-09-17,10.53,0.67,captured,PO-0917,order:CL-0674
PAY-00528,CL-0675,2026-09-17,69.39,2.73,captured,PO-0917,order:CL-0675
PAY-00529,CL-0676,2026-09-17,89.91,3.45,captured,PO-0917,order:CL-0676
PAY-00530,CL-0677,2026-09-17,86.40,3.32,captured,PO-0917,order:CL-0677
PAY-00531,CL-0678,2026-09-17,29.16,1.32,captured,PO-0917,order:CL-0678
PAY-00532,CL-0679,2026-09-17,54.00,2.19,captured,PO-0917,order:CL-0679
PAY-00533,CL-0680,2026-09-17,25.92,1.21,captured,PO-0917,order:CL-0680
PAY-00534,CL-0682,2026-09-17,51.84,2.11,captured,PO-0917,order:CL-0682
PAY-00535,CL-0683,2026-09-17,66.96,2.64,captured,PO-0917,order:CL-0683
PAY-00536,CL-0684,2026-09-17,68.04,2.68,captured,PO-0917,order:CL-0684
PAY-00537,CL-0686,2026-09-17,42.66,1.79,captured,PO-0917,order:CL-0686
PAY-00538,CL-0687,2026-09-17,34.56,1.51,captured,PO-0917,order:CL-0687
PAY-00539,CL-0688,2026-09-17,87.48,3.36,captured,PO-0917,order:CL-0688
PAY-00540,CL-0689,2026-09-17,32.40,1.43,captured,PO-0917,order:CL-0689
PAY-00541,CL-0691,2026-09-17,50.22,2.06,captured,PO-0917,order:CL-0691
PAY-00542,CL-0692,2026-09-17,47.79,1.97,captured,PO-0917,order:CL-0692
PAY-00543,CL-0693,2026-09-17,51.84,2.11,captured,PO-0917,order:CL-0693
PAY-00544,CL-0694,2026-09-17,58.32,2.34,captured,PO-0917,order:CL-0694
PAY-00545,CL-0696,2026-09-17,86.40,3.32,captured,PO-0917,order:CL-0696
PAY-00546,CL-0697,2026-09-17,36.72,1.59,captured,PO-0917,order:CL-0697
PAY-00547,CL-0698,2026-09-17,36.72,1.59,captured,PO-0917,order:CL-0698
PAY-00548,CL-0699,2026-09-17,46.71,1.93,captured,PO-0917,order:CL-0699
PAY-00549,CL-0700,2026-09-17,86.40,3.32,captured,PO-0917,order:CL-0700
PAY-00550,CL-0701,2026-09-17,73.44,2.87,captured,PO-0917,order:CL-0701
PAY-00551,CL-0702,2026-09-17,7.02,0.55,captured,PO-0917,order:CL-0702
PAY-00552,CL-0705,2026-09-18,22.95,1.10,captured,PO-0918,order:CL-0705
PAY-00553,CL-0706,2026-09-18,34.56,1.51,captured,PO-0918,order:CL-0706
PAY-00554,CL-0707,2026-09-18,36.18,1.57,captured,PO-0918,order:CL-0707
PAY-00555,CL-0708,2026-09-18,109.35,4.13,captured,PO-0918,order:CL-0708
PAY-00556,CL-0709,2026-09-18,101.25,3.84,captured,PO-0918,order:CL-0709
PAY-00557,CL-0710,2026-09-18,5.40,0.49,captured,PO-0918,order:CL-0710
PAY-00558,CL-0712,2026-09-18,47.25,1.95,captured,PO-0918,order:CL-0712
PAY-00559,CL-0715,2026-09-18,44.28,1.85,captured,PO-0918,order:CL-0715
PAY-00560,CL-0717,2026-09-18,61.56,2.45,captured,PO-0918,order:CL-0717
PAY-00561,CL-0720,2026-09-18,38.88,1.66,captured,PO-0918,order:CL-0720
PAY-00562,CL-0721,2026-09-18,51.84,2.11,captured,PO-0918,order:CL-0721
PAY-00563,CL-0722,2026-09-18,116.64,4.38,captured,PO-0918,order:CL-0722
PAY-00564,CL-0723,2026-09-18,149.04,5.52,captured,PO-0918,order:CL-0723
PAY-00565,CL-0725,2026-09-18,19.98,1.00,captured,PO-0918,order:CL-0725
PAY-00566,CL-0726,2026-09-18,10.53,0.67,captured,PO-0918,order:CL-0726
PAY-00567,CL-0727,2026-09-18,19.44,0.98,captured,PO-0918,order:CL-0727
PAY-00568,CL-0729,2026-09-18,132.03,4.92,captured,PO-0918,order:CL-0729
PAY-00569,CL-0730,2026-09-18,82.08,3.17,captured,PO-0918,order:CL-0730
PAY-00570,CL-0731,2026-09-18,8.10,0.58,captured,PO-0918,order:CL-0731
PAY-00571,CL-0733,2026-09-18,42.12,1.77,captured,PO-0918,order:CL-0733
PAY-00572,CL-0735,2026-09-18,62.10,2.47,captured,PO-0918,order:CL-0735
PAY-00573,CL-0736,2026-09-18,119.88,4.50,captured,PO-0918,order:CL-0736
PAY-00574,CL-0737,2026-09-18,24.30,1.15,captured,PO-0918,order:CL-0737
PAY-00575,CL-0738,2026-09-18,65.34,2.59,captured,PO-0918,order:CL-0738
PAY-00576,CL-0739,2026-09-18,45.63,1.90,captured,PO-0918,order:CL-0739
PAY-00577,CL-0740,2026-09-18,16.20,0.87,captured,PO-0918,order:CL-0740
PAY-00578,CL-0741,2026-09-18,58.32,2.34,captured,PO-0918,order:CL-0741
PAY-00579,CL-0742,2026-09-18,90.45,3.47,captured,PO-0918,order:CL-0742
PAY-00580,CL-0743,2026-09-18,70.47,2.77,captured,PO-0918,order:CL-0743
PAY-00581,CL-0744,2026-09-18,28.62,1.30,captured,PO-0918,order:CL-0744
PAY-00582,CL-0745,2026-09-19,87.48,3.36,captured,PO-0919,order:CL-0745
PAY-00583,CL-0747,2026-09-19,38.34,1.64,captured,PO-0919,order:CL-0747
PAY-00584,CL-0748,2026-09-19,22.68,1.09,captured,PO-0919,order:CL-0748
PAY-00585,CL-0749,2026-09-19,35.64,1.55,captured,PO-0919,order:CL-0749
PAY-00586,CL-0751,2026-09-19,97.20,3.70,captured,PO-0919,order:CL-0751
PAY-00587,CL-0752,2026-09-19,38.88,1.66,captured,PO-0919,order:CL-0752
PAY-00588,CL-0754,2026-09-19,125.28,4.68,captured,PO-0919,order:CL-0754
PAY-00589,CL-0755,2026-09-19,125.28,4.68,captured,PO-0919,order:CL-0755
PAY-00590,CL-0757,2026-09-19,29.97,1.35,captured,PO-0919,order:CL-0757
PAY-00591,CL-0759,2026-09-19,120.96,4.53,captured,PO-0919,order:CL-0759
PAY-00592,CL-0760,2026-09-19,51.84,2.11,captured,PO-0919,order:CL-0760
PAY-00593,CL-0761,2026-09-19,136.08,5.06,captured,PO-0919,order:CL-0761
PAY-00594,CL-0763,2026-09-19,73.44,2.87,captured,PO-0919,order:CL-0763
PAY-00595,CL-0766,2026-09-19,51.84,2.11,captured,PO-0919,order:CL-0766
PAY-00596,CL-0767,2026-09-19,42.12,1.77,captured,PO-0919,order:CL-0767
PAY-00597,CL-0768,2026-09-19,71.55,2.80,captured,PO-0919,order:CL-0768
PAY-00598,CL-0769,2026-09-19,68.04,2.68,captured,PO-0919,order:CL-0769
PAY-00599,CL-0770,2026-09-19,96.39,3.67,captured,PO-0919,order:CL-0770
PAY-00600,CL-0772,2026-09-19,41.31,1.75,captured,PO-0919,order:CL-0772
PAY-00601,CL-0773,2026-09-19,8.10,0.58,captured,PO-0919,order:CL-0773
PAY-00602,CL-0775,2026-09-19,54.00,2.19,captured,PO-0919,order:CL-0775
PAY-00603,CL-0776,2026-09-19,49.41,2.03,captured,PO-0919,order:CL-0776
PAY-00604,CL-0777,2026-09-19,46.71,1.93,captured,PO-0919,order:CL-0777
PAY-00605,CL-0778,2026-09-19,16.47,0.88,captured,PO-0919,order:CL-0778
PAY-00606,CL-0780,2026-09-19,10.53,0.67,captured,PO-0919,order:CL-0780
PAY-00607,CL-0781,2026-09-19,84.24,3.25,captured,PO-0919,order:CL-0781
PAY-00608,CL-0782,2026-09-19,62.37,2.48,captured,PO-0919,order:CL-0782
PAY-00609,CL-0783,2026-09-19,19.44,0.98,captured,PO-0919,order:CL-0783
PAY-00610,CL-0784,2026-09-19,19.17,0.97,captured,PO-0919,order:CL-0784
PAY-00611,CL-0785,2026-09-19,73.44,2.87,captured,PO-0919,order:CL-0785
PAY-00612,CL-0786,2026-09-19,19.44,0.98,captured,PO-0919,order:CL-0786
PAY-00613,CL-0787,2026-09-19,5.40,0.49,captured,PO-0919,order:CL-0787
PAY-00614,CL-0788,2026-09-19,42.66,1.79,captured,PO-0919,order:CL-0788
PAY-00615,CL-0789,2026-09-19,38.88,1.66,captured,PO-0919,order:CL-0789
PAY-00616,CL-0790,2026-09-19,81.54,3.15,captured,PO-0919,order:CL-0790
PAY-00617,CL-0791,2026-09-20,62.64,2.49,captured,PO-0920,order:CL-0791
PAY-00618,CL-0792,2026-09-20,61.56,2.45,captured,PO-0920,order:CL-0792
PAY-00619,CL-0793,2026-09-20,85.05,3.28,captured,PO-0920,order:CL-0793
PAY-00620,CL-0794,2026-09-20,91.53,3.50,captured,PO-0920,order:CL-0794
PAY-00621,CL-0796,2026-09-20,38.88,1.66,captured,PO-0920,order:CL-0796
PAY-00622,CL-0797,2026-09-20,19.44,0.98,captured,PO-0920,order:CL-0797
PAY-00623,CL-0798,2026-09-20,95.58,3.65,captured,PO-0920,order:CL-0798
PAY-00624,CL-0799,2026-09-20,42.12,1.77,captured,PO-0920,order:CL-0799
PAY-00625,CL-0800,2026-09-20,131.76,4.91,captured,PO-0920,order:CL-0800
PAY-00626,CL-0801,2026-09-20,73.17,2.86,captured,PO-0920,order:CL-0801
PAY-00627,CL-0802,2026-09-20,68.04,2.68,captured,PO-0920,order:CL-0802
PAY-00628,CL-0803,2026-09-20,3.51,0.42,captured,PO-0920,order:CL-0803
PAY-00629,CL-0804,2026-09-20,21.33,1.05,captured,PO-0920,order:CL-0804
PAY-00630,CL-0806,2026-09-20,51.84,2.11,captured,PO-0920,order:CL-0806
PAY-00631,CL-0807,2026-09-20,59.67,2.39,captured,PO-0920,order:CL-0807
PAY-00632,CL-0809,2026-09-20,12.15,0.73,captured,PO-0920,order:CL-0809
PAY-00633,CL-0811,2026-09-20,68.85,2.71,captured,PO-0920,order:CL-0811
PAY-00634,CL-0812,2026-09-20,65.61,2.60,captured,PO-0920,order:CL-0812
PAY-00635,CL-0813,2026-09-20,57.24,2.30,captured,PO-0920,order:CL-0813
PAY-00636,CL-0814,2026-09-20,85.86,3.31,captured,PO-0920,order:CL-0814
PAY-00637,CL-0815,2026-09-20,45.36,1.89,captured,PO-0920,order:CL-0815
PAY-00638,CL-0817,2026-09-20,3.51,0.42,captured,PO-0920,order:CL-0817
PAY-00639,CL-0819,2026-09-20,139.86,5.20,captured,PO-0920,order:CL-0819
PAY-00640,CL-0820,2026-09-20,53.46,2.17,captured,PO-0920,order:CL-0820
PAY-00641,CL-0821,2026-09-20,34.56,1.51,captured,PO-0920,order:CL-0821
PAY-00642,CL-0822,2026-09-20,73.71,2.88,captured,PO-0920,order:CL-0822
PAY-00643,CL-0823,2026-09-20,75.06,2.93,captured,PO-0920,order:CL-0823
PAY-00644,CL-0824,2026-09-20,52.38,2.13,captured,PO-0920,order:CL-0824
PAY-00645,CL-0825,2026-09-20,119.88,4.50,captured,PO-0920,order:CL-0825
PAY-00646,CL-0826,2026-09-20,74.79,2.92,captured,PO-0920,order:CL-0826
PAY-00647,CL-0827,2026-09-20,49.41,2.03,captured,PO-0920,order:CL-0827
PAY-00648,CL-0828,2026-09-20,89.91,3.45,captured,PO-0920,order:CL-0828
PAY-00649,CL-0829,2026-09-20,32.40,1.43,captured,PO-0920,order:CL-0829
PAY-00650,CL-0831,2026-09-20,40.50,1.72,captured,PO-0920,order:CL-0831
PAY-00651,CL-0832,2026-09-20,51.84,2.11,captured,PO-0920,order:CL-0832
PAY-00652,CL-0833,2026-09-20,101.25,3.84,captured,PO-0920,order:CL-0833
PAY-00653,CL-0834,2026-09-20,12.96,0.75,captured,PO-0920,order:CL-0834
PAY-00654,CL-0835,2026-09-20,96.12,3.66,captured,PO-0920,order:CL-0835
PAY-00655,CL-0836,2026-09-20,97.20,3.70,captured,PO-0920,order:CL-0836
PAY-00656,CL-0837,2026-09-20,34.56,1.51,captured,PO-0920,order:CL-0837
PAY-00657,CL-0838,2026-09-20,22.68,1.09,captured,PO-0920,order:CL-0838
PAY-00658,CL-0839,2026-09-20,63.99,2.54,captured,PO-0920,order:CL-0839
PAY-00659,CL-0840,2026-09-20,121.50,4.55,captured,PO-0920,order:CL-0840
PAY-00660,CL-0841,2026-09-22,47.79,1.69,captured,PO-0922,order:CL-0841
PAY-00661,CL-0843,2026-09-22,85.05,2.77,captured,PO-0922,order:CL-0843
PAY-00662,CL-0844,2026-09-22,62.91,2.12,captured,PO-0922,order:CL-0844
PAY-00663,CL-0845,2026-09-22,68.58,2.29,captured,PO-0922,order:CL-0845
PAY-00664,CL-0848,2026-09-22,78.84,2.59,captured,PO-0922,order:CL-0848
PAY-00665,CL-0849,2026-09-22,29.16,1.15,captured,PO-0922,order:CL-0849
PAY-00666,CL-0852,2026-09-22,38.88,1.43,captured,PO-0922,order:CL-0852
PAY-00667,CL-0853,2026-09-22,58.86,2.01,captured,PO-0922,order:CL-0853
PAY-00668,CL-0854,2026-09-22,25.92,1.05,captured,PO-0922,order:CL-0854
PAY-00669,CL-0855,2026-09-22,15.12,0.74,captured,PO-0922,order:CL-0855
PAY-00670,CL-0856,2026-09-22,14.85,0.73,captured,PO-0922,order:CL-0856
PAY-00671,CL-0857,2026-09-22,58.32,1.99,captured,PO-0922,order:CL-0857
PAY-00672,CL-0858,2026-09-22,75.33,2.48,captured,PO-0922,order:CL-0858
PAY-00673,CL-0859,2026-09-22,81.00,2.65,captured,PO-0922,order:CL-0859
PAY-00674,CL-0860,2026-09-22,76.14,2.51,captured,PO-0922,order:CL-0860
PAY-00675,CL-0863,2026-09-22,76.68,2.52,captured,PO-0922,order:CL-0863
PAY-00676,CL-0866,2026-09-22,44.28,1.58,captured,PO-0922,order:CL-0866
PAY-00677,CL-0867,2026-09-22,34.56,1.30,captured,PO-0922,order:CL-0867
PAY-00678,CL-0869,2026-09-22,34.02,1.29,captured,PO-0922,order:CL-0869
PAY-00679,CL-0870,2026-09-22,119.88,3.78,captured,PO-0922,order:CL-0870
PAY-00680,CL-0871,2026-09-22,75.87,2.50,captured,PO-0922,order:CL-0871
PAY-00681,CL-0872,2026-09-22,5.40,0.46,captured,PO-0922,order:CL-0872
PAY-00682,CL-0875,2026-09-22,15.12,0.74,captured,PO-0922,order:CL-0875
PAY-00683,CL-0876,2026-09-22,34.56,1.30,captured,PO-0922,order:CL-0876
PAY-00684,CL-0877,2026-09-22,5.40,0.46,captured,PO-0922,order:CL-0877
PAY-00685,CL-0878,2026-09-22,105.30,3.35,captured,PO-0922,order:CL-0878
PAY-00686,CL-0879,2026-09-22,25.11,1.03,captured,PO-0922,order:CL-0879
PAY-00687,CL-0880,2026-09-22,34.56,1.30,captured,PO-0922,order:CL-0880
PAY-00688,CL-0882,2026-09-22,104.49,3.33,captured,PO-0922,order:CL-0882
PAY-00689,CL-0883,2026-09-22,109.08,3.46,captured,PO-0922,order:CL-0883
PAY-00690,CL-0884,2026-09-22,86.40,2.81,captured,PO-0922,order:CL-0884
PAY-00691,CL-0885,2026-09-23,25.92,1.05,captured,PO-0923,order:CL-0885
PAY-00692,CL-0886,2026-09-23,87.48,2.84,captured,PO-0923,order:CL-0886
PAY-00693,CL-0887,2026-09-23,51.84,1.80,captured,PO-0923,order:CL-0887
PAY-00694,CL-0890,2026-09-23,29.16,1.15,captured,PO-0923,order:CL-0890
PAY-00695,CL-0891,2026-09-23,57.24,1.96,captured,PO-0923,order:CL-0891
PAY-00696,CL-0893,2026-09-23,115.02,3.64,captured,PO-0923,order:CL-0893
PAY-00697,CL-0894,2026-09-23,73.71,2.44,captured,PO-0923,order:CL-0894
PAY-00698,CL-0895,2026-09-23,38.07,1.40,captured,PO-0923,order:CL-0895
PAY-00699,CL-0896,2026-09-23,78.03,2.56,captured,PO-0923,order:CL-0896
PAY-00700,CL-0897,2026-09-23,7.02,0.50,captured,PO-0923,order:CL-0897
PAY-00701,CL-0899,2026-09-23,77.76,2.56,captured,PO-0923,order:CL-0899
PAY-00702,CL-0901,2026-09-23,60.75,2.06,captured,PO-0923,order:CL-0901
PAY-00703,CL-0902,2026-09-23,51.84,1.80,captured,PO-0923,order:CL-0902
PAY-00704,CL-0903,2026-09-23,42.12,1.52,captured,PO-0923,order:CL-0903
PAY-00705,CL-0904,2026-09-23,78.03,2.56,captured,PO-0923,order:CL-0904
PAY-00706,CL-0905,2026-09-23,106.11,3.38,captured,PO-0923,order:CL-0905
PAY-00707,CL-0906,2026-09-23,25.92,1.05,captured,PO-0923,order:CL-0906
PAY-00708,CL-0908,2026-09-23,115.02,3.64,captured,PO-0923,order:CL-0908
PAY-00709,CL-0909,2026-09-23,26.73,1.08,captured,PO-0923,order:CL-0909
PAY-00710,CL-0910,2026-09-23,58.86,2.01,captured,PO-0923,order:CL-0910
PAY-00711,CL-0911,2026-09-23,85.05,2.77,captured,PO-0923,order:CL-0911
PAY-00712,CL-0912,2026-09-23,131.76,4.12,captured,PO-0923,order:CL-0912
PAY-00713,CL-0913,2026-09-23,41.58,1.51,captured,PO-0923,order:CL-0913
PAY-00714,CL-0915,2026-09-23,42.93,1.54,captured,PO-0923,order:CL-0915
PAY-00715,CL-0916,2026-09-23,84.24,2.74,captured,PO-0923,order:CL-0916
PAY-00716,CL-0917,2026-09-23,38.88,1.43,captured,PO-0923,order:CL-0917
PAY-00717,CL-0918,2026-09-23,45.90,1.63,captured,PO-0923,order:CL-0918
PAY-00718,CL-0919,2026-09-23,51.84,1.80,captured,PO-0923,order:CL-0919
PAY-00719,CL-0921,2026-09-23,12.15,0.65,captured,PO-0923,order:CL-0921
PAY-00720,CL-0922,2026-09-23,62.10,2.10,captured,PO-0923,order:CL-0922
PAY-00721,CL-0924,2026-09-23,7.02,0.50,captured,PO-0923,order:CL-0924
PAY-00722,CL-0925,2026-09-23,38.88,1.43,captured,PO-0923,order:CL-0925
PAY-00723,CL-0926,2026-09-23,46.71,1.65,captured,PO-0923,order:CL-0926
PAY-00724,CL-0928,2026-09-23,68.04,2.27,captured,PO-0923,order:CL-0928
PAY-00725,CL-0929,2026-09-24,85.86,2.79,captured,PO-0924,order:CL-0929
PAY-00726,CL-0930,2026-09-24,22.68,0.96,captured,PO-0924,order:CL-0930
PAY-00727,CL-0931,2026-09-24,35.64,1.33,captured,PO-0924,order:CL-0931
PAY-00728,CL-0932,2026-09-24,49.68,1.74,captured,PO-0924,order:CL-0932
PAY-00729,CL-0933,2026-09-24,34.56,1.30,captured,PO-0924,order:CL-0933
PAY-00730,CL-0936,2026-09-24,106.65,3.39,captured,PO-0924,order:CL-0936
PAY-00731,CL-0937,2026-09-24,34.56,1.30,captured,PO-0924,order:CL-0937
PAY-00732,CL-0938,2026-09-24,72.36,2.40,captured,PO-0924,order:CL-0938
PAY-00733,CL-0940,2026-09-24,67.77,2.27,captured,PO-0924,order:CL-0940
PAY-00734,CL-0941,2026-09-24,29.16,1.15,captured,PO-0924,order:CL-0941
PAY-00735,CL-0942,2026-09-24,69.39,2.31,captured,PO-0924,order:CL-0942
PAY-00736,CL-0943,2026-09-24,75.06,2.48,captured,PO-0924,order:CL-0943
PAY-00737,CL-0944,2026-09-24,74.52,2.46,captured,PO-0924,order:CL-0944
PAY-00738,CL-0945,2026-09-24,57.78,1.98,captured,PO-0924,order:CL-0945
PAY-00739,CL-0946,2026-09-24,63.99,2.16,captured,PO-0924,order:CL-0946
PAY-00740,CL-0947,2026-09-24,92.88,2.99,captured,PO-0924,order:CL-0947
PAY-00741,CL-0949,2026-09-24,38.61,1.42,captured,PO-0924,order:CL-0949
PAY-00742,CL-0950,2026-09-24,47.52,1.68,captured,PO-0924,order:CL-0950
PAY-00743,CL-0951,2026-09-24,64.80,2.18,captured,PO-0924,order:CL-0951
PAY-00744,CL-0952,2026-09-24,46.44,1.65,captured,PO-0924,order:CL-0952
PAY-00745,CL-0955,2026-09-24,42.66,1.54,captured,PO-0924,order:CL-0955
PAY-00746,CL-0957,2026-09-24,51.84,1.80,captured,PO-0924,order:CL-0957
PAY-00747,CL-0958,2026-09-24,55.08,1.90,captured,PO-0924,order:CL-0958
PAY-00748,CL-0960,2026-09-24,67.23,2.25,captured,PO-0924,order:CL-0960
PAY-00749,CL-0962,2026-09-24,34.56,1.30,captured,PO-0924,order:CL-0962
PAY-00750,CL-0963,2026-09-24,132.03,4.13,captured,PO-0924,order:CL-0963
PAY-00751,CL-0964,2026-09-24,63.99,2.16,captured,PO-0924,order:CL-0964
PAY-00752,CL-0966,2026-09-24,71.28,2.37,captured,PO-0924,order:CL-0966
PAY-00753,CL-0969,2026-09-25,64.80,2.18,captured,PO-0925,order:CL-0969
PAY-00754,CL-0971,2026-09-25,34.56,1.30,captured,PO-0925,order:CL-0971
PAY-00755,CL-0972,2026-09-25,75.06,2.48,captured,PO-0925,order:CL-0972
PAY-00756,CL-0973,2026-09-25,10.80,0.61,captured,PO-0925,order:CL-0973
PAY-00757,CL-0975,2026-09-25,14.85,0.73,captured,PO-0925,order:CL-0975
PAY-00758,CL-0976,2026-09-25,33.48,1.27,captured,PO-0925,order:CL-0976
PAY-00759,CL-0978,2026-09-25,38.07,1.40,captured,PO-0925,order:CL-0978
PAY-00760,CL-0979,2026-09-25,41.58,1.51,captured,PO-0925,order:CL-0979
PAY-00761,CL-0980,2026-09-25,79.92,2.62,captured,PO-0925,order:CL-0980
PAY-00762,CL-0981,2026-09-25,3.51,0.40,captured,PO-0925,order:CL-0981
PAY-00763,CL-0982,2026-09-25,88.02,2.85,captured,PO-0925,order:CL-0982
PAY-00764,CL-0984,2026-09-25,46.44,1.65,captured,PO-0925,order:CL-0984
PAY-00765,CL-0985,2026-09-25,87.48,2.84,captured,PO-0925,order:CL-0985
PAY-00766,CL-0986,2026-09-25,52.38,1.82,captured,PO-0925,order:CL-0986
PAY-00767,CL-0988,2026-09-25,104.22,3.32,captured,PO-0925,order:CL-0988
PAY-00768,CL-0990,2026-09-25,10.53,0.61,captured,PO-0925,order:CL-0990
PAY-00769,CL-0993,2026-09-25,34.56,1.30,captured,PO-0925,order:CL-0993
PAY-00770,CL-0994,2026-09-25,48.60,1.71,captured,PO-0925,order:CL-0994
PAY-00771,CL-0995,2026-09-25,34.56,1.30,captured,PO-0925,order:CL-0995
PAY-00772,CL-0996,2026-09-25,13.23,0.68,captured,PO-0925,order:CL-0996
PAY-00773,CL-0997,2026-09-25,38.88,1.43,captured,PO-0925,order:CL-0997
PAY-00774,CL-0998,2026-09-25,57.51,1.97,captured,PO-0925,order:CL-0998
PAY-00775,CL-0999,2026-09-25,12.96,0.68,captured,PO-0925,order:CL-0999
PAY-00776,CL-1000,2026-09-25,72.36,2.40,captured,PO-0925,order:CL-1000
PAY-00777,CL-1001,2026-09-25,38.61,1.42,captured,PO-0925,order:CL-1001
PAY-00778,CL-1002,2026-09-25,63.72,2.15,captured,PO-0925,order:CL-1002
PAY-00779,CL-1003,2026-09-25,4.05,0.42,captured,PO-0925,order:CL-1003
PAY-00780,CL-1004,2026-09-25,123.12,3.87,captured,PO-0925,order:CL-1004
PAY-00781,CL-1005,2026-09-25,34.56,1.30,captured,PO-0925,order:CL-1005
PAY-00782,CL-1006,2026-09-25,22.68,0.96,captured,PO-0925,order:CL-1006
PAY-00783,CL-1007,2026-09-25,43.20,1.55,captured,PO-0925,order:CL-1007
PAY-00784,CL-1009,2026-09-26,77.76,2.56,captured,PO-0926,order:CL-1009
PAY-00785,CL-1010,2026-09-26,33.21,1.26,captured,PO-0926,order:CL-1010
PAY-00786,CL-1011,2026-09-26,58.32,1.99,captured,PO-0926,order:CL-1011
PAY-00787,CL-1012,2026-09-26,10.80,0.61,captured,PO-0926,order:CL-1012
PAY-00788,CL-1013,2026-09-26,115.56,3.65,captured,PO-0926,order:CL-1013
PAY-00789,CL-1014,2026-09-26,88.02,2.85,captured,PO-0926,order:CL-1014
PAY-00790,CL-1015,2026-09-26,78.84,2.59,captured,PO-0926,order:CL-1015
PAY-00791,CL-1016,2026-09-26,80.46,2.63,captured,PO-0926,order:CL-1016
PAY-00792,CL-1017,2026-09-26,113.94,3.60,captured,PO-0926,order:CL-1017
PAY-00793,CL-1018,2026-09-26,33.75,1.28,captured,PO-0926,order:CL-1018
PAY-00794,CL-1019,2026-09-26,34.56,1.30,captured,PO-0926,order:CL-1019
PAY-00795,CL-1020,2026-09-26,55.35,1.91,captured,PO-0926,order:CL-1020
PAY-00796,CL-1022,2026-09-26,89.10,2.88,captured,PO-0926,order:CL-1022
PAY-00797,CL-1023,2026-09-26,106.92,3.40,captured,PO-0926,order:CL-1023
PAY-00798,CL-1027,2026-09-26,30.78,1.19,captured,PO-0926,order:CL-1027
PAY-00799,CL-1029,2026-09-26,45.09,1.61,captured,PO-0926,order:CL-1029
PAY-00800,CL-1030,2026-09-26,38.88,1.43,captured,PO-0926,order:CL-1030
PAY-00801,CL-1031,2026-09-26,63.99,2.16,captured,PO-0926,order:CL-1031
PAY-00802,CL-1032,2026-09-26,68.04,2.27,captured,PO-0926,order:CL-1032
PAY-00803,CL-1033,2026-09-26,34.56,1.30,captured,PO-0926,order:CL-1033
PAY-00804,CL-1034,2026-09-26,25.92,1.05,captured,PO-0926,order:CL-1034
PAY-00805,CL-1035,2026-09-26,5.40,0.46,captured,PO-0926,order:CL-1035
PAY-00806,CL-1036,2026-09-26,46.17,1.64,captured,PO-0926,order:CL-1036
PAY-00807,CL-1038,2026-09-26,42.66,1.54,captured,PO-0926,order:CL-1038
PAY-00808,CL-1039,2026-09-26,87.48,2.84,captured,PO-0926,order:CL-1039
PAY-00809,CL-1040,2026-09-26,23.49,0.98,captured,PO-0926,order:CL-1040
PAY-00810,CL-1042,2026-09-26,41.31,1.50,captured,PO-0926,order:CL-1042
PAY-00811,CL-1043,2026-09-26,61.02,2.07,captured,PO-0926,order:CL-1043
PAY-00812,CL-1044,2026-09-26,99.36,3.18,captured,PO-0926,order:CL-1044
PAY-00813,CL-1045,2026-09-26,12.96,0.68,captured,PO-0926,order:CL-1045
PAY-00814,CL-1046,2026-09-26,73.71,2.44,captured,PO-0926,order:CL-1046
PAY-00815,CL-1047,2026-09-26,11.61,0.64,captured,PO-0926,order:CL-1047
PAY-00816,CL-1048,2026-09-26,13.77,0.70,captured,PO-0926,order:CL-1048
PAY-00817,CL-1049,2026-09-26,21.87,0.93,captured,PO-0926,order:CL-1049
PAY-00818,CL-1050,2026-09-26,38.07,1.40,captured,PO-0926,order:CL-1050
PAY-00819,CL-1051,2026-09-26,10.80,0.61,captured,PO-0926,order:CL-1051
PAY-00820,CL-1052,2026-09-26,68.04,2.27,captured,PO-0926,order:CL-1052
PAY-00821,CL-1053,2026-09-26,38.88,1.43,captured,PO-0926,order:CL-1053
PAY-00822,CL-1055,2026-09-26,122.04,3.84,captured,PO-0926,order:CL-1055
PAY-00823,CL-1058,2026-09-26,50.76,1.77,captured,PO-0926,order:CL-1058
PAY-00824,CL-1059,2026-09-26,28.89,1.14,captured,PO-0926,order:CL-1059
PAY-00825,CL-1060,2026-09-26,51.84,1.80,captured,PO-0926,order:CL-1060
PAY-00826,CL-1062,2026-09-26,29.16,1.15,captured,PO-0926,order:CL-1062
PAY-00827,CL-1065,2026-09-27,78.30,2.57,captured,PO-0927,order:CL-1065
PAY-00828,CL-1069,2026-09-27,23.22,0.97,captured,PO-0927,order:CL-1069
PAY-00829,CL-1070,2026-09-27,78.30,2.57,captured,PO-0927,order:CL-1070
PAY-00830,CL-1072,2026-09-27,16.20,0.77,captured,PO-0927,order:CL-1072
PAY-00831,CL-1073,2026-09-27,63.99,2.16,captured,PO-0927,order:CL-1073
PAY-00832,CL-1074,2026-09-27,89.91,2.91,captured,PO-0927,order:CL-1074
PAY-00833,CL-1075,2026-09-27,98.55,3.16,captured,PO-0927,order:CL-1075
PAY-00834,CL-1076,2026-09-27,38.07,1.40,captured,PO-0927,order:CL-1076
PAY-00835,CL-1077,2026-09-27,74.25,2.45,captured,PO-0927,order:CL-1077
PAY-00836,CL-1078,2026-09-27,45.09,1.61,captured,PO-0927,order:CL-1078
PAY-00837,CL-1079,2026-09-27,10.80,0.61,captured,PO-0927,order:CL-1079
PAY-00838,CL-1081,2026-09-27,62.64,2.12,captured,PO-0927,order:CL-1081
PAY-00839,CL-1082,2026-09-27,9.72,0.58,captured,PO-0927,order:CL-1082
PAY-00840,CL-1084,2026-09-27,12.96,0.68,captured,PO-0927,order:CL-1084
PAY-00841,CL-1085,2026-09-27,107.73,3.42,captured,PO-0927,order:CL-1085
PAY-00842,CL-1086,2026-09-27,19.44,0.86,captured,PO-0927,order:CL-1086
PAY-00843,CL-1087,2026-09-27,65.61,2.20,captured,PO-0927,order:CL-1087
PAY-00844,CL-1088,2026-09-27,12.96,0.68,captured,PO-0927,order:CL-1088
PAY-00845,CL-1091,2026-09-27,31.86,1.22,captured,PO-0927,order:CL-1091
PAY-00846,CL-1093,2026-09-27,51.84,1.80,captured,PO-0927,order:CL-1093
PAY-00847,CL-1096,2026-09-27,45.36,1.62,captured,PO-0927,order:CL-1096
PAY-00848,CL-1097,2026-09-27,79.92,2.62,captured,PO-0927,order:CL-1097
PAY-00849,CL-1098,2026-09-27,70.20,2.34,captured,PO-0927,order:CL-1098
PAY-00850,CL-1099,2026-09-27,61.56,2.09,captured,PO-0927,order:CL-1099
PAY-00851,CL-1100,2026-09-27,115.83,3.66,captured,PO-0927,order:CL-1100
PAY-00852,CL-1101,2026-09-27,35.64,1.33,captured,PO-0927,order:CL-1101
PAY-00853,CL-1102,2026-09-27,100.44,3.21,captured,PO-0927,order:CL-1102
PAY-00854,CL-1103,2026-09-27,38.07,1.40,captured,PO-0927,order:CL-1103
PAY-00855,CL-1104,2026-09-27,13.77,0.70,captured,PO-0927,order:CL-1104
PAY-00856,CL-1105,2026-09-27,34.56,1.30,captured,PO-0927,order:CL-1105
PAY-00857,CL-1106,2026-09-27,75.06,2.48,captured,PO-0927,order:CL-1106
PAY-00858,CL-1108,2026-09-27,115.56,3.65,captured,PO-0927,order:CL-1108
PAY-00859,CL-1109,2026-09-27,46.98,1.66,captured,PO-0927,order:CL-1109
PAY-00860,CL-1110,2026-09-27,7.02,0.50,captured,PO-0927,order:CL-1110
PAY-00861,CL-1111,2026-09-27,32.40,1.24,captured,PO-0927,order:CL-1111
PAY-00862,CL-1112,2026-09-27,43.74,1.57,captured,PO-0927,order:CL-1112
PAY-00863,CL-1113,2026-09-27,73.44,2.43,captured,PO-0927,order:CL-1113
PAY-00864,CL-1114,2026-09-27,45.36,1.62,captured,PO-0927,order:CL-1114
PAY-00865,CL-1115,2026-09-27,51.84,1.80,captured,PO-0927,order:CL-1115
PAY-00866,CL-1117,2026-09-29,29.70,1.16,captured,PO-0929,order:CL-1117
PAY-00867,CL-1118,2026-09-29,93.96,3.02,captured,PO-0929,order:CL-1118
PAY-00868,CL-1119,2026-09-29,51.84,1.80,captured,PO-0929,order:CL-1119
PAY-00869,CL-1121,2026-09-29,71.28,2.37,captured,PO-0929,order:CL-1121
PAY-00870,CL-1122,2026-09-29,9.72,0.58,captured,PO-0929,order:CL-1122
PAY-00871,CL-1123,2026-09-29,12.15,0.65,captured,PO-0929,order:CL-1123
PAY-00872,CL-1124,2026-09-29,70.20,2.34,captured,PO-0929,order:CL-1124
PAY-00873,CL-1126,2026-09-29,82.62,2.70,captured,PO-0929,order:CL-1126
PAY-00874,CL-1127,2026-09-29,87.48,2.84,captured,PO-0929,order:CL-1127
PAY-00875,CL-1128,2026-09-29,98.82,3.17,captured,PO-0929,order:CL-1128
PAY-00876,CL-1129,2026-09-29,70.20,2.34,captured,PO-0929,order:CL-1129
PAY-00877,CL-1131,2026-09-29,126.90,3.98,captured,PO-0929,order:CL-1131
PAY-00878,CL-1133,2026-09-29,79.92,2.62,captured,PO-0929,order:CL-1133
PAY-00879,CL-1134,2026-09-29,34.56,1.30,captured,PO-0929,order:CL-1134
PAY-00880,CL-1135,2026-09-29,86.40,2.81,captured,PO-0929,order:CL-1135
PAY-00881,CL-1137,2026-09-29,121.50,3.82,captured,PO-0929,order:CL-1137
PAY-00882,CL-1138,2026-09-29,96.12,3.09,captured,PO-0929,order:CL-1138
PAY-00883,CL-1139,2026-09-29,56.43,1.94,captured,PO-0929,order:CL-1139
PAY-00884,CL-1140,2026-09-29,19.44,0.86,captured,PO-0929,order:CL-1140
PAY-00885,CL-1141,2026-09-29,34.56,1.30,captured,PO-0929,order:CL-1141
PAY-00886,CL-1143,2026-09-29,37.26,1.38,captured,PO-0929,order:CL-1143
PAY-00887,CL-1144,2026-09-29,25.92,1.05,captured,PO-0929,order:CL-1144
PAY-00888,CL-1145,2026-09-29,48.87,1.72,captured,PO-0929,order:CL-1145
PAY-00889,CL-1147,2026-09-29,42.12,1.52,captured,PO-0929,order:CL-1147
PAY-00890,CL-1148,2026-09-29,27.54,1.10,captured,PO-0929,order:CL-1148
PAY-00891,CL-1150,2026-09-29,40.50,1.47,captured,PO-0929,order:CL-1150
PAY-00892,CL-1151,2026-09-29,97.20,3.12,captured,PO-0929,order:CL-1151
PAY-00893,CL-1152,2026-09-29,17.55,0.81,captured,PO-0929,order:CL-1152
PAY-00894,CL-1154,2026-09-29,53.46,1.85,captured,PO-0929,order:CL-1154
PAY-00895,CL-1156,2026-09-29,7.02,0.50,captured,PO-0929,order:CL-1156
PAY-00896,CL-1157,2026-09-29,62.64,2.12,captured,PO-0929,order:CL-1157
PAY-00897,CL-1159,2026-09-29,126.36,3.96,captured,PO-0929,order:CL-1159
PAY-00898,CL-1160,2026-09-29,65.88,2.21,captured,PO-0929,order:CL-1160
PAY-00899,CL-1161,2026-09-29,10.80,0.61,captured,PO-0929,order:CL-1161
PAY-00900,CL-1162,2026-09-29,100.17,3.20,captured,PO-0929,order:CL-1162
PAY-00901,CL-1163,2026-09-29,74.52,2.46,captured,PO-0929,order:CL-1163
PAY-00902,CL-1164,2026-09-29,22.68,0.96,captured,PO-0929,order:CL-1164
PAY-00903,CL-1165,2026-09-29,38.88,1.43,captured,PO-0929,order:CL-1165
PAY-00904,CL-1166,2026-09-29,8.10,0.53,captured,PO-0929,order:CL-1166
PAY-00905,CL-1168,2026-09-29,5.40,0.46,captured,PO-0929,order:CL-1168
PAY-00906,CL-1170,2026-09-29,134.46,4.20,captured,PO-0929,order:CL-1170
PAY-00907,CL-1171,2026-09-29,57.51,1.97,captured,PO-0929,order:CL-1171
PAY-00908,CL-1172,2026-09-30,91.26,2.95,captured,PO-0930,order:CL-1172
PAY-00909,CL-1173,2026-09-30,22.68,0.96,captured,PO-0930,order:CL-1173
PAY-00910,CL-1174,2026-09-30,51.84,1.80,captured,PO-0930,order:CL-1174
PAY-00911,CL-1175,2026-09-30,109.08,3.46,captured,PO-0930,order:CL-1175
PAY-00912,CL-1176,2026-09-30,22.68,0.96,captured,PO-0930,order:CL-1176
PAY-00913,CL-1177,2026-09-30,44.28,1.58,captured,PO-0930,order:CL-1177
PAY-00914,CL-1178,2026-09-30,106.92,3.40,captured,PO-0930,order:CL-1178
PAY-00915,CL-1179,2026-09-30,33.21,1.26,captured,PO-0930,order:CL-1179
PAY-00916,CL-1180,2026-09-30,92.07,2.97,captured,PO-0930,order:CL-1180
PAY-00917,CL-1181,2026-09-30,59.94,2.04,captured,PO-0930,order:CL-1181
PAY-00918,CL-1183,2026-09-30,45.36,1.62,captured,PO-0930,order:CL-1183
PAY-00919,CL-1184,2026-09-30,37.26,1.38,captured,PO-0930,order:CL-1184
PAY-00920,CL-1185,2026-09-30,98.82,3.17,captured,PO-0930,order:CL-1185
PAY-00921,CL-1187,2026-09-30,68.04,2.27,captured,PO-0930,order:CL-1187
PAY-00922,CL-1188,2026-09-30,86.40,2.81,captured,PO-0930,order:CL-1188
PAY-00923,CL-1189,2026-09-30,51.84,1.80,captured,PO-0930,order:CL-1189
PAY-00924,CL-1190,2026-09-30,52.11,1.81,captured,PO-0930,order:CL-1190
PAY-00925,CL-1192,2026-09-30,38.88,1.43,captured,PO-0930,order:CL-1192
PAY-00926,CL-1193,2026-09-30,34.56,1.30,captured,PO-0930,order:CL-1193
PAY-00927,CL-1194,2026-09-30,38.88,1.43,captured,PO-0930,order:CL-1194
PAY-00928,CL-1195,2026-09-30,77.76,2.56,captured,PO-0930,order:CL-1195
PAY-00929,CL-1196,2026-09-30,52.38,1.82,captured,PO-0930,order:CL-1196
PAY-00930,CL-1198,2026-09-30,53.46,1.85,captured,PO-0930,order:CL-1198
PAY-00931,CL-1199,2026-09-30,51.84,1.80,captured,PO-0930,order:CL-1199
PAY-00932,CL-1200,2026-09-30,25.92,1.05,captured,PO-0930,order:CL-1200
PAY-00933,CL-1204,2026-09-30,46.98,1.66,captured,PO-0930,order:CL-1204
PAY-00934,CL-1205,2026-09-30,115.02,3.64,captured,PO-0930,order:CL-1205
PAY-00935,CL-1206,2026-09-30,10.53,0.61,captured,PO-0930,order:CL-1206
PAY-00936,CL-1207,2026-09-30,48.06,1.69,captured,PO-0930,order:CL-1207
PAY-00937,CL-1208,2026-09-30,80.19,2.63,captured,PO-0930,order:CL-1208
PAY-00938,CL-1209,2026-09-30,56.70,1.94,captured,PO-0930,order:CL-1209
PAY-00939,CL-1210,2026-09-30,69.66,2.32,captured,PO-0930,order:CL-1210
PAY-00940,CL-1212,2026-09-30,87.48,2.84,captured,PO-0930,order:CL-1212
PAY-00941,CL-1213,2026-09-30,43.74,1.57,captured,PO-0930,order:CL-1213
PAY-00942,CL-1214,2026-09-30,51.84,1.80,captured,PO-0930,order:CL-1214
PAY-00943,CL-1216,2026-09-30,87.48,2.84,captured,PO-0930,order:CL-1216
PAY-00944,CL-0045,2026-09-01,25.92,1.05,captured,PO-0901,order:CL-0045
