priority,issue,references,amount,action
Urgent,Tree nut allergy party order,Website #27; inbox 2026-10-06-party-cookies,,Call Maria before fulfilling Oct 10 08:30 cookies: shared almond equipment; no nut-free assurance. Discuss alternative or cancellation; retain order until instructed.
Urgent,Unsafe scone draft,Ben Harlow; inbox 2026-09-29-nut-allergy,,Send corrected draft privately: scones contain almond flour. Never send original reassurance.
Urgent,Dispute evidence and inconsistent details,DP-2209; CL-1108; PAY-00858,130.56,"Processor response deadline Oct 6; verify current status. Amount 115.56 plus possible 15 fee. Email opened Sep 22, register charge Sep 27; reason says cake but receipt has croissants, pie and coffee. Verify identity/order before submitting genuine evidence. No dispute debit is identifiable in supplied payouts."
High,Payout missing from current bank,PO-0911,1943.02,Ask processor/bank to trace Sep 11 payout to 4821; not present in statement.
High,Payout routed to closed account,PO-0924,1604.72,Trace Sep 24 payout to closed 1170; request reissue to 4821 after validating account details through existing processor login.
High,Payout routed to closed account,PO-0925,1377.57,Trace Sep 25 payout to closed 1170; request reissue to 4821; confirm all payout routing now uses 4821.
High,Processor fees above contract,214 payment IDs in audit/processor_fee_exceptions.csv; PAY-00407 and PAY-00447 through PAY-00659,72.77,"Request contract-rate adjustment/credit: 2.9% + 0.30. Pattern is 3.5% + 0.30 on these payments; exact IDs, actual and expected fees provided."
High,Duplicate captured card charge,CL-0045; PAY-00031; PAY-00944; PO-0901,25.92,Verify both captures and refund one duplicate for Rosa. Do not refund both.
High,Promised refund failed,CL-0228; RF-010; PAY-00176,89.64,Retry refund via processor after confirming no later success; staff email says completed but status failed.
High,Promised full refund only partly paid,CL-0701; RF-014; PAY-00550,36.00,"Promised 73.44, refunded 37.44. Verify Marcus identity against register customer001@example.com, then refund remaining 36.00."
High,Double refund,CL-0607; RF-011; RF-012; PAY-00474,71.28,Both 71.28 refunds succeeded on Sep 21 and Sep 23. Investigate processor adjustment or agreed recovery; no unauthorized recharge. Track excess separately from sales returns.
High,Refund above charge,CL-0318; RF-013; PAY-00243,10.00,"Charge 16.47, refund 26.47. Investigate 10 excess; track separately, not additional sales return."
High,Coffee promotional overcharge,CL-0792 / PAY-00618; CL-0794 / PAY-00620,3.24,Two receipts charged 18 instead of 16.50 on Sep 20. Refund 1.62 each including September tax after verifying no later refund; Paul complaint corresponds to CL-0792.
High,September tax overcollection,CL-0331; PAY-00255,0.30,15 subtotal charged 1.50 tax (10%) instead of 1.20 (8%). Refund 0.30 after confirming identity and no later adjustment.
High,Supplier invoice multiplication error,INV-DY-0924; bank Sep 26,45.00,"Butter 40 lb x 4.85 is 194, not 239. Correct total 284.90, paid 329.90. Ask Valley Dairy to confirm and issue 45 credit/refund."
High,Bank payment lacks supporting invoice,INV-GB-0918; Global Bake Supply; bank Sep 18,286.40,"Locate invoice and receiving evidence; not in supplier invoices list. Verify authorized purchase, or investigate with bank. Not enough evidence to classify it as fraud."
High,Unverified supplier bank change,inbox 2026-10-05-bank-details,,Sender domain differs from earlier supplier email. Call Prairie Flour using independently trusted contact details; do not change routing or reply-confirm until verified.
High,Repeated cash shortages,"Cash drawer Sep 1, 8, 15, 22, 29; Lee Chen closings",100.00,"Each closing short 20; counts match deposits. Check float and closeout procedure, record variance, use independent second count; evidence does not establish theft."
High,Staff discounts outside policy,CL-0372; CL-0651; CL-1150; CL-1184,134.88,"Recorded discounts 41.88, 21, 37.50, 34.50. Three nonstaff emails and Sam after Sep 15 departure. Check approvals/register overrides; update actual POS eligibility and revoke former staff access. Legitimate Jamie CL-0241 and Lee CL-1160 unchanged."
High,Catering loses money at current price,CATER120; books/cost_sheet.csv; Westside Dental quote,12.19,Direct cost per tray 132.19 vs price 120. Review labor/ingredients or set sustainable price before confirming three trays (about 36.56 direct-cost loss). Other prices retained.
High,Existing October tax discrepancies,38 IDs in audit/existing_order_tax_review.csv,2.68,"36 uncancelled affected orders collectively underrecord tax by 2.68; preserve accepted totals, ask bookkeeper how to absorb/account for differences. New and item-amended orders now use 8.25%."
High,Weak shared admin credential,website ADMIN_PASSWORD default flour,,"Set a strong unique ADMIN_PASSWORD on deployed server, rotate shared credentials known to former staff, enforce HTTPS and keep DB/backups private. Do not publish backup files."
Normal,Standing order outside dated website records,Website #28; Gloria Park,,"Oct 10 12:30 order fixed to 3 loaves + croissant box, 51.96. Update separate standing-order system for later Saturdays before promising recurrence."
Normal,Catering inquiry not booked,Westside Dental; Oct 16 11:30,389.70,"Three trays quote 360 +29.70 tax. Resolve margin first; obtain phone, selection/allergens and confirmation; do not claim booked."
Normal,Price inquiry not booked,Aisha Khan; Oct 10,133.15,2 cakes +12 bagels: 123 +10.15 tax. Obtain time and phone; verify remaining cake/slot capacity at booking.
Normal,Missing customer order identifier,Hannah Ito; inbox 2026-10-04-missing-order,,Confirmation date bug fixed. No matching Hannah name/email in database. Request order number/private link and investigate fulfillment; do not guess order identity or move another order.
Normal,Tax return and summaries require review,books/draft_sales_tax_return.csv; audit/refund_reconciliation.csv,,"Corrected draft food sales 60600.26; net recorded tax 4848.32 includes 0.30 overcollection. Bookkeeper must approve tax refund allocation, excess refund treatment and liability classification before filing."
Normal,External and printed copies need updates,Listing; door/board; QuickPrint; register; website deployment,,Publish corrected holiday listing/promotions and allergen information; update board croissants to 21 and 2-box saving to 10%; check printed menu cards before collection; set POS October tax 8.25%; deploy repaired site without replacing orders. Local files only are updated.
Normal,Policy and gift card wording,policies/gift_cards.md; refunds.md; receipt_template.txt,,Working wording removes one-year expiry and reconciles unused-card 14-day refunds. Review statutory cash-redemption/replacement rules with adviser; publish consistent copies. Cancellation remains phone only with 48-hour notice.
Normal,Newsletter consent and replies,Dana Whitfield; 2026-10-03-newsletter-signup; drafts,,Dana removed/suppressed; future checkout opt-in is unchecked. Unnamed signup has no corresponding opted-in database row (all 43 are 0); do not guess subscriber identity. Send selected corrected replies/newsletter only after owner review.
