payout_id,date,amount,account,charges_less_fees,deductions,bank_deposit,missing_from_bank
PO-0901,2026-09-01,1560.69,...4821,1560.69,0.00,1560.69,0.00
PO-0902,2026-09-02,1556.77,...4821,1556.77,0.00,1556.77,0.00
PO-0903,2026-09-03,1282.54,...4821,1399.18,116.64,1282.54,0.00
PO-0904,2026-09-04,1708.80,...4821,1708.80,0.00,1708.80,0.00
PO-0905,2026-09-05,2000.29,...4821,2000.29,0.00,2000.29,0.00
PO-0906,2026-09-06,2028.93,...4821,2028.93,0.00,2028.93,0.00
PO-0908,2026-09-08,2506.76,...4821,2562.65,55.89,2506.76,0.00
PO-0909,2026-09-09,2035.42,...4821,2035.42,0.00,2035.42,0.00
PO-0910,2026-09-10,1985.86,...4821,1985.86,0.00,1985.86,0.00
PO-0911,2026-09-11,1943.02,...4821,1943.02,0.00,0,1943.02
PO-0912,2026-09-12,2026.71,...4821,2026.71,0.00,2026.71,0.00
PO-0913,2026-09-13,1424.70,...4821,1424.70,0.00,1424.70,0.00
PO-0914,2026-09-14,6.47,...4821,6.47,0.00,6.47,0.00
PO-0915,2026-09-15,1911.28,...4821,1911.28,0.00,1911.28,0.00
PO-0916,2026-09-16,1864.51,...4821,1885.57,21.06,1864.51,0.00
PO-0917,2026-09-17,1678.49,...4821,1736.81,58.32,1678.49,0.00
PO-0918,2026-09-18,1535.33,...4821,1645.76,110.43,1535.33,0.00
PO-0919,2026-09-19,1906.16,...4821,1906.16,0.00,1906.16,0.00
PO-0920,2026-09-20,2510.33,...4821,2575.94,65.61,2510.33,0.00
PO-0922,2026-09-22,1501.01,...4821,1668.05,167.04,1501.01,0.00
PO-0923,2026-09-23,1747.26,...4821,1896.57,149.31,1747.26,0.00
PO-0924,2026-09-24,1604.72,...1170,1631.19,26.47,0,1604.72
PO-0925,2026-09-25,1377.57,...1170,1377.57,0.00,0,1377.57
PO-0926,2026-09-26,2184.61,...4821,2184.61,0.00,2184.61,0.00
PO-0927,2026-09-27,2006.23,...4821,2006.23,0.00,2006.23,0.00
PO-0929,2026-09-29,2355.32,...4821,2355.32,0.00,2355.32,0.00
PO-0930,2026-09-30,2072.13,...4821,2072.13,0.00,2072.13,0.00
