payment_id,order_id,date,amount,fee,status,payout_id,reference,contract_fee,excess_fee
PAY-00407,CL-0525,2026-09-14,7.02,0.55,captured,PO-0914,order:CL-0525,0.50,0.05
PAY-00447,CL-0574,2026-09-15,45.36,1.89,captured,PO-0915,order:CL-0574,1.62,0.27
PAY-00448,CL-0575,2026-09-15,9.72,0.64,captured,PO-0915,order:CL-0575,0.58,0.06
PAY-00449,CL-0576,2026-09-15,4.05,0.44,captured,PO-0915,order:CL-0576,0.42,0.02
PAY-00450,CL-0577,2026-09-15,22.41,1.08,captured,PO-0915,order:CL-0577,0.95,0.13
PAY-00451,CL-0579,2026-09-15,76.68,2.98,captured,PO-0915,order:CL-0579,2.52,0.46
PAY-00452,CL-0580,2026-09-15,9.72,0.64,captured,PO-0915,order:CL-0580,0.58,0.06
PAY-00453,CL-0581,2026-09-15,54.00,2.19,captured,PO-0915,order:CL-0581,1.87,0.32
PAY-00454,CL-0582,2026-09-15,18.36,0.94,captured,PO-0915,order:CL-0582,0.83,0.11
PAY-00455,CL-0583,2026-09-15,25.92,1.21,captured,PO-0915,order:CL-0583,1.05,0.16
PAY-00456,CL-0584,2026-09-15,155.52,5.74,captured,PO-0915,order:CL-0584,4.81,0.93
PAY-00457,CL-0585,2026-09-15,46.71,1.93,captured,PO-0915,order:CL-0585,1.65,0.28
PAY-00458,CL-0586,2026-09-15,34.56,1.51,captured,PO-0915,order:CL-0586,1.30,0.21
PAY-00459,CL-0587,2026-09-15,43.74,1.83,captured,PO-0915,order:CL-0587,1.57,0.26
PAY-00460,CL-0588,2026-09-15,22.68,1.09,captured,PO-0915,order:CL-0588,0.96,0.13
PAY-00461,CL-0589,2026-09-15,74.52,2.91,captured,PO-0915,order:CL-0589,2.46,0.45
PAY-00462,CL-0590,2026-09-15,58.32,2.34,captured,PO-0915,order:CL-0590,1.99,0.35
PAY-00463,CL-0591,2026-09-15,54.00,2.19,captured,PO-0915,order:CL-0591,1.87,0.32
PAY-00464,CL-0593,2026-09-15,77.76,3.02,captured,PO-0915,order:CL-0593,2.56,0.46
PAY-00465,CL-0595,2026-09-15,81.54,3.15,captured,PO-0915,order:CL-0595,2.66,0.49
PAY-00466,CL-0596,2026-09-15,83.70,3.23,captured,PO-0915,order:CL-0596,2.73,0.50
PAY-00467,CL-0598,2026-09-15,102.60,3.89,captured,PO-0915,order:CL-0598,3.28,0.61
PAY-00468,CL-0599,2026-09-15,78.57,3.05,captured,PO-0915,order:CL-0599,2.58,0.47
PAY-00469,CL-0601,2026-09-15,58.32,2.34,captured,PO-0915,order:CL-0601,1.99,0.35
PAY-00470,CL-0602,2026-09-15,34.02,1.49,captured,PO-0915,order:CL-0602,1.29,0.20
PAY-00471,CL-0603,2026-09-15,38.88,1.66,captured,PO-0915,order:CL-0603,1.43,0.23
PAY-00472,CL-0604,2026-09-15,57.24,2.30,captured,PO-0915,order:CL-0604,1.96,0.34
PAY-00473,CL-0606,2026-09-15,112.32,4.23,captured,PO-0915,order:CL-0606,3.56,0.67
PAY-00474,CL-0607,2026-09-15,71.28,2.79,captured,PO-0915,order:CL-0607,2.37,0.42
PAY-00475,CL-0608,2026-09-15,10.80,0.68,captured,PO-0915,order:CL-0608,0.61,0.07
PAY-00476,CL-0609,2026-09-15,23.22,1.11,captured,PO-0915,order:CL-0609,0.97,0.14
PAY-00477,CL-0610,2026-09-15,45.36,1.89,captured,PO-0915,order:CL-0610,1.62,0.27
PAY-00478,CL-0611,2026-09-15,46.71,1.93,captured,PO-0915,order:CL-0611,1.65,0.28
PAY-00479,CL-0612,2026-09-15,90.72,3.48,captured,PO-0915,order:CL-0612,2.93,0.55
PAY-00480,CL-0613,2026-09-15,78.84,3.06,captured,PO-0915,order:CL-0613,2.59,0.47
PAY-00481,CL-0614,2026-09-15,42.66,1.79,captured,PO-0915,order:CL-0614,1.54,0.25
PAY-00482,CL-0615,2026-09-15,97.20,3.70,captured,PO-0915,order:CL-0615,3.12,0.58
PAY-00483,CL-0616,2026-09-15,4.05,0.44,captured,PO-0915,order:CL-0616,0.42,0.02
PAY-00484,CL-0617,2026-09-16,38.07,1.63,captured,PO-0916,order:CL-0617,1.40,0.23
PAY-00485,CL-0618,2026-09-16,53.19,2.16,captured,PO-0916,order:CL-0618,1.84,0.32
PAY-00486,CL-0619,2026-09-16,38.88,1.66,captured,PO-0916,order:CL-0619,1.43,0.23
PAY-00487,CL-0620,2026-09-16,44.28,1.85,captured,PO-0916,order:CL-0620,1.58,0.27
PAY-00488,CL-0621,2026-09-16,33.75,1.48,captured,PO-0916,order:CL-0621,1.28,0.20
PAY-00489,CL-0622,2026-09-16,103.68,3.93,captured,PO-0916,order:CL-0622,3.31,0.62
PAY-00490,CL-0623,2026-09-16,64.80,2.57,captured,PO-0916,order:CL-0623,2.18,0.39
PAY-00491,CL-0624,2026-09-16,4.05,0.44,captured,PO-0916,order:CL-0624,0.42,0.02
PAY-00492,CL-0626,2026-09-16,96.12,3.66,captured,PO-0916,order:CL-0626,3.09,0.57
PAY-00493,CL-0627,2026-09-16,45.36,1.89,captured,PO-0916,order:CL-0627,1.62,0.27
PAY-00494,CL-0628,2026-09-16,22.95,1.10,captured,PO-0916,order:CL-0628,0.97,0.13
PAY-00495,CL-0629,2026-09-16,65.34,2.59,captured,PO-0916,order:CL-0629,2.19,0.40
PAY-00496,CL-0630,2026-09-16,61.56,2.45,captured,PO-0916,order:CL-0630,2.09,0.36
PAY-00497,CL-0632,2026-09-16,75.06,2.93,captured,PO-0916,order:CL-0632,2.48,0.45
PAY-00498,CL-0633,2026-09-16,45.09,1.88,captured,PO-0916,order:CL-0633,1.61,0.27
PAY-00499,CL-0634,2026-09-16,102.60,3.89,captured,PO-0916,order:CL-0634,3.28,0.61
PAY-00500,CL-0636,2026-09-16,16.20,0.87,captured,PO-0916,order:CL-0636,0.77,0.10
PAY-00501,CL-0637,2026-09-16,86.40,3.32,captured,PO-0916,order:CL-0637,2.81,0.51
PAY-00502,CL-0639,2026-09-16,61.83,2.46,captured,PO-0916,order:CL-0639,2.09,0.37
PAY-00503,CL-0640,2026-09-16,23.22,1.11,captured,PO-0916,order:CL-0640,0.97,0.14
PAY-00504,CL-0641,2026-09-16,58.32,2.34,captured,PO-0916,order:CL-0641,1.99,0.35
PAY-00505,CL-0643,2026-09-16,26.73,1.24,captured,PO-0916,order:CL-0643,1.08,0.16
PAY-00506,CL-0644,2026-09-16,63.99,2.54,captured,PO-0916,order:CL-0644,2.16,0.38
PAY-00507,CL-0645,2026-09-16,21.06,1.04,captured,PO-0916,order:CL-0645,0.91,0.13
PAY-00508,CL-0646,2026-09-16,105.84,4.00,captured,PO-0916,order:CL-0646,3.37,0.63
PAY-00509,CL-0647,2026-09-16,89.91,3.45,captured,PO-0916,order:CL-0647,2.91,0.54
PAY-00510,CL-0650,2026-09-16,112.32,4.23,captured,PO-0916,order:CL-0650,3.56,0.67
PAY-00511,CL-0651,2026-09-16,22.68,1.09,captured,PO-0916,order:CL-0651,0.96,0.13
PAY-00512,CL-0652,2026-09-16,38.88,1.66,captured,PO-0916,order:CL-0652,1.43,0.23
PAY-00513,CL-0654,2026-09-16,77.76,3.02,captured,PO-0916,order:CL-0654,2.56,0.46
PAY-00514,CL-0656,2026-09-16,8.10,0.58,captured,PO-0916,order:CL-0656,0.53,0.05
PAY-00515,CL-0657,2026-09-16,79.92,3.10,captured,PO-0916,order:CL-0657,2.62,0.48
PAY-00516,CL-0658,2026-09-16,85.86,3.31,captured,PO-0916,order:CL-0658,2.79,0.52
PAY-00517,CL-0661,2026-09-16,90.72,3.48,captured,PO-0916,order:CL-0661,2.93,0.55
PAY-00518,CL-0662,2026-09-17,19.98,1.00,captured,PO-0917,order:CL-0662,0.88,0.12
PAY-00519,CL-0663,2026-09-17,42.93,1.80,captured,PO-0917,order:CL-0663,1.54,0.26
PAY-00520,CL-0664,2026-09-17,19.44,0.98,captured,PO-0917,order:CL-0664,0.86,0.12
PAY-00521,CL-0665,2026-09-17,50.76,2.08,captured,PO-0917,order:CL-0665,1.77,0.31
PAY-00522,CL-0666,2026-09-17,34.56,1.51,captured,PO-0917,order:CL-0666,1.30,0.21
PAY-00523,CL-0667,2026-09-17,48.33,1.99,captured,PO-0917,order:CL-0667,1.70,0.29
PAY-00524,CL-0670,2026-09-17,102.60,3.89,captured,PO-0917,order:CL-0670,3.28,0.61
PAY-00525,CL-0671,2026-09-17,34.56,1.51,captured,PO-0917,order:CL-0671,1.30,0.21
PAY-00526,CL-0672,2026-09-17,126.36,4.72,captured,PO-0917,order:CL-0672,3.96,0.76
PAY-00527,CL-0674,2026-09-17,10.53,0.67,captured,PO-0917,order:CL-0674,0.61,0.06
PAY-00528,CL-0675,2026-09-17,69.39,2.73,captured,PO-0917,order:CL-0675,2.31,0.42
PAY-00529,CL-0676,2026-09-17,89.91,3.45,captured,PO-0917,order:CL-0676,2.91,0.54
PAY-00530,CL-0677,2026-09-17,86.40,3.32,captured,PO-0917,order:CL-0677,2.81,0.51
PAY-00531,CL-0678,2026-09-17,29.16,1.32,captured,PO-0917,order:CL-0678,1.15,0.17
PAY-00532,CL-0679,2026-09-17,54.00,2.19,captured,PO-0917,order:CL-0679,1.87,0.32
PAY-00533,CL-0680,2026-09-17,25.92,1.21,captured,PO-0917,order:CL-0680,1.05,0.16
PAY-00534,CL-0682,2026-09-17,51.84,2.11,captured,PO-0917,order:CL-0682,1.80,0.31
PAY-00535,CL-0683,2026-09-17,66.96,2.64,captured,PO-0917,order:CL-0683,2.24,0.40
PAY-00536,CL-0684,2026-09-17,68.04,2.68,captured,PO-0917,order:CL-0684,2.27,0.41
PAY-00537,CL-0686,2026-09-17,42.66,1.79,captured,PO-0917,order:CL-0686,1.54,0.25
PAY-00538,CL-0687,2026-09-17,34.56,1.51,captured,PO-0917,order:CL-0687,1.30,0.21
PAY-00539,CL-0688,2026-09-17,87.48,3.36,captured,PO-0917,order:CL-0688,2.84,0.52
PAY-00540,CL-0689,2026-09-17,32.40,1.43,captured,PO-0917,order:CL-0689,1.24,0.19
PAY-00541,CL-0691,2026-09-17,50.22,2.06,captured,PO-0917,order:CL-0691,1.76,0.30
PAY-00542,CL-0692,2026-09-17,47.79,1.97,captured,PO-0917,order:CL-0692,1.69,0.28
PAY-00543,CL-0693,2026-09-17,51.84,2.11,captured,PO-0917,order:CL-0693,1.80,0.31
PAY-00544,CL-0694,2026-09-17,58.32,2.34,captured,PO-0917,order:CL-0694,1.99,0.35
PAY-00545,CL-0696,2026-09-17,86.40,3.32,captured,PO-0917,order:CL-0696,2.81,0.51
PAY-00546,CL-0697,2026-09-17,36.72,1.59,captured,PO-0917,order:CL-0697,1.36,0.23
PAY-00547,CL-0698,2026-09-17,36.72,1.59,captured,PO-0917,order:CL-0698,1.36,0.23
PAY-00548,CL-0699,2026-09-17,46.71,1.93,captured,PO-0917,order:CL-0699,1.65,0.28
PAY-00549,CL-0700,2026-09-17,86.40,3.32,captured,PO-0917,order:CL-0700,2.81,0.51
PAY-00550,CL-0701,2026-09-17,73.44,2.87,captured,PO-0917,order:CL-0701,2.43,0.44
PAY-00551,CL-0702,2026-09-17,7.02,0.55,captured,PO-0917,order:CL-0702,0.50,0.05
PAY-00552,CL-0705,2026-09-18,22.95,1.10,captured,PO-0918,order:CL-0705,0.97,0.13
PAY-00553,CL-0706,2026-09-18,34.56,1.51,captured,PO-0918,order:CL-0706,1.30,0.21
PAY-00554,CL-0707,2026-09-18,36.18,1.57,captured,PO-0918,order:CL-0707,1.35,0.22
PAY-00555,CL-0708,2026-09-18,109.35,4.13,captured,PO-0918,order:CL-0708,3.47,0.66
PAY-00556,CL-0709,2026-09-18,101.25,3.84,captured,PO-0918,order:CL-0709,3.24,0.60
PAY-00557,CL-0710,2026-09-18,5.40,0.49,captured,PO-0918,order:CL-0710,0.46,0.03
PAY-00558,CL-0712,2026-09-18,47.25,1.95,captured,PO-0918,order:CL-0712,1.67,0.28
PAY-00559,CL-0715,2026-09-18,44.28,1.85,captured,PO-0918,order:CL-0715,1.58,0.27
PAY-00560,CL-0717,2026-09-18,61.56,2.45,captured,PO-0918,order:CL-0717,2.09,0.36
PAY-00561,CL-0720,2026-09-18,38.88,1.66,captured,PO-0918,order:CL-0720,1.43,0.23
PAY-00562,CL-0721,2026-09-18,51.84,2.11,captured,PO-0918,order:CL-0721,1.80,0.31
PAY-00563,CL-0722,2026-09-18,116.64,4.38,captured,PO-0918,order:CL-0722,3.68,0.70
PAY-00564,CL-0723,2026-09-18,149.04,5.52,captured,PO-0918,order:CL-0723,4.62,0.90
PAY-00565,CL-0725,2026-09-18,19.98,1.00,captured,PO-0918,order:CL-0725,0.88,0.12
PAY-00566,CL-0726,2026-09-18,10.53,0.67,captured,PO-0918,order:CL-0726,0.61,0.06
PAY-00567,CL-0727,2026-09-18,19.44,0.98,captured,PO-0918,order:CL-0727,0.86,0.12
PAY-00568,CL-0729,2026-09-18,132.03,4.92,captured,PO-0918,order:CL-0729,4.13,0.79
PAY-00569,CL-0730,2026-09-18,82.08,3.17,captured,PO-0918,order:CL-0730,2.68,0.49
PAY-00570,CL-0731,2026-09-18,8.10,0.58,captured,PO-0918,order:CL-0731,0.53,0.05
PAY-00571,CL-0733,2026-09-18,42.12,1.77,captured,PO-0918,order:CL-0733,1.52,0.25
PAY-00572,CL-0735,2026-09-18,62.10,2.47,captured,PO-0918,order:CL-0735,2.10,0.37
PAY-00573,CL-0736,2026-09-18,119.88,4.50,captured,PO-0918,order:CL-0736,3.78,0.72
PAY-00574,CL-0737,2026-09-18,24.30,1.15,captured,PO-0918,order:CL-0737,1.00,0.15
PAY-00575,CL-0738,2026-09-18,65.34,2.59,captured,PO-0918,order:CL-0738,2.19,0.40
PAY-00576,CL-0739,2026-09-18,45.63,1.90,captured,PO-0918,order:CL-0739,1.62,0.28
PAY-00577,CL-0740,2026-09-18,16.20,0.87,captured,PO-0918,order:CL-0740,0.77,0.10
PAY-00578,CL-0741,2026-09-18,58.32,2.34,captured,PO-0918,order:CL-0741,1.99,0.35
PAY-00579,CL-0742,2026-09-18,90.45,3.47,captured,PO-0918,order:CL-0742,2.92,0.55
PAY-00580,CL-0743,2026-09-18,70.47,2.77,captured,PO-0918,order:CL-0743,2.34,0.43
PAY-00581,CL-0744,2026-09-18,28.62,1.30,captured,PO-0918,order:CL-0744,1.13,0.17
PAY-00582,CL-0745,2026-09-19,87.48,3.36,captured,PO-0919,order:CL-0745,2.84,0.52
PAY-00583,CL-0747,2026-09-19,38.34,1.64,captured,PO-0919,order:CL-0747,1.41,0.23
PAY-00584,CL-0748,2026-09-19,22.68,1.09,captured,PO-0919,order:CL-0748,0.96,0.13
PAY-00585,CL-0749,2026-09-19,35.64,1.55,captured,PO-0919,order:CL-0749,1.33,0.22
PAY-00586,CL-0751,2026-09-19,97.20,3.70,captured,PO-0919,order:CL-0751,3.12,0.58
PAY-00587,CL-0752,2026-09-19,38.88,1.66,captured,PO-0919,order:CL-0752,1.43,0.23
PAY-00588,CL-0754,2026-09-19,125.28,4.68,captured,PO-0919,order:CL-0754,3.93,0.75
PAY-00589,CL-0755,2026-09-19,125.28,4.68,captured,PO-0919,order:CL-0755,3.93,0.75
PAY-00590,CL-0757,2026-09-19,29.97,1.35,captured,PO-0919,order:CL-0757,1.17,0.18
PAY-00591,CL-0759,2026-09-19,120.96,4.53,captured,PO-0919,order:CL-0759,3.81,0.72
PAY-00592,CL-0760,2026-09-19,51.84,2.11,captured,PO-0919,order:CL-0760,1.80,0.31
PAY-00593,CL-0761,2026-09-19,136.08,5.06,captured,PO-0919,order:CL-0761,4.25,0.81
PAY-00594,CL-0763,2026-09-19,73.44,2.87,captured,PO-0919,order:CL-0763,2.43,0.44
PAY-00595,CL-0766,2026-09-19,51.84,2.11,captured,PO-0919,order:CL-0766,1.80,0.31
PAY-00596,CL-0767,2026-09-19,42.12,1.77,captured,PO-0919,order:CL-0767,1.52,0.25
PAY-00597,CL-0768,2026-09-19,71.55,2.80,captured,PO-0919,order:CL-0768,2.37,0.43
PAY-00598,CL-0769,2026-09-19,68.04,2.68,captured,PO-0919,order:CL-0769,2.27,0.41
PAY-00599,CL-0770,2026-09-19,96.39,3.67,captured,PO-0919,order:CL-0770,3.10,0.57
PAY-00600,CL-0772,2026-09-19,41.31,1.75,captured,PO-0919,order:CL-0772,1.50,0.25
PAY-00601,CL-0773,2026-09-19,8.10,0.58,captured,PO-0919,order:CL-0773,0.53,0.05
PAY-00602,CL-0775,2026-09-19,54.00,2.19,captured,PO-0919,order:CL-0775,1.87,0.32
PAY-00603,CL-0776,2026-09-19,49.41,2.03,captured,PO-0919,order:CL-0776,1.73,0.30
PAY-00604,CL-0777,2026-09-19,46.71,1.93,captured,PO-0919,order:CL-0777,1.65,0.28
PAY-00605,CL-0778,2026-09-19,16.47,0.88,captured,PO-0919,order:CL-0778,0.78,0.10
PAY-00606,CL-0780,2026-09-19,10.53,0.67,captured,PO-0919,order:CL-0780,0.61,0.06
PAY-00607,CL-0781,2026-09-19,84.24,3.25,captured,PO-0919,order:CL-0781,2.74,0.51
PAY-00608,CL-0782,2026-09-19,62.37,2.48,captured,PO-0919,order:CL-0782,2.11,0.37
PAY-00609,CL-0783,2026-09-19,19.44,0.98,captured,PO-0919,order:CL-0783,0.86,0.12
PAY-00610,CL-0784,2026-09-19,19.17,0.97,captured,PO-0919,order:CL-0784,0.86,0.11
PAY-00611,CL-0785,2026-09-19,73.44,2.87,captured,PO-0919,order:CL-0785,2.43,0.44
PAY-00612,CL-0786,2026-09-19,19.44,0.98,captured,PO-0919,order:CL-0786,0.86,0.12
PAY-00613,CL-0787,2026-09-19,5.40,0.49,captured,PO-0919,order:CL-0787,0.46,0.03
PAY-00614,CL-0788,2026-09-19,42.66,1.79,captured,PO-0919,order:CL-0788,1.54,0.25
PAY-00615,CL-0789,2026-09-19,38.88,1.66,captured,PO-0919,order:CL-0789,1.43,0.23
PAY-00616,CL-0790,2026-09-19,81.54,3.15,captured,PO-0919,order:CL-0790,2.66,0.49
PAY-00617,CL-0791,2026-09-20,62.64,2.49,captured,PO-0920,order:CL-0791,2.12,0.37
PAY-00618,CL-0792,2026-09-20,61.56,2.45,captured,PO-0920,order:CL-0792,2.09,0.36
PAY-00619,CL-0793,2026-09-20,85.05,3.28,captured,PO-0920,order:CL-0793,2.77,0.51
PAY-00620,CL-0794,2026-09-20,91.53,3.50,captured,PO-0920,order:CL-0794,2.95,0.55
PAY-00621,CL-0796,2026-09-20,38.88,1.66,captured,PO-0920,order:CL-0796,1.43,0.23
PAY-00622,CL-0797,2026-09-20,19.44,0.98,captured,PO-0920,order:CL-0797,0.86,0.12
PAY-00623,CL-0798,2026-09-20,95.58,3.65,captured,PO-0920,order:CL-0798,3.07,0.58
PAY-00624,CL-0799,2026-09-20,42.12,1.77,captured,PO-0920,order:CL-0799,1.52,0.25
PAY-00625,CL-0800,2026-09-20,131.76,4.91,captured,PO-0920,order:CL-0800,4.12,0.79
PAY-00626,CL-0801,2026-09-20,73.17,2.86,captured,PO-0920,order:CL-0801,2.42,0.44
PAY-00627,CL-0802,2026-09-20,68.04,2.68,captured,PO-0920,order:CL-0802,2.27,0.41
PAY-00628,CL-0803,2026-09-20,3.51,0.42,captured,PO-0920,order:CL-0803,0.40,0.02
PAY-00629,CL-0804,2026-09-20,21.33,1.05,captured,PO-0920,order:CL-0804,0.92,0.13
PAY-00630,CL-0806,2026-09-20,51.84,2.11,captured,PO-0920,order:CL-0806,1.80,0.31
PAY-00631,CL-0807,2026-09-20,59.67,2.39,captured,PO-0920,order:CL-0807,2.03,0.36
PAY-00632,CL-0809,2026-09-20,12.15,0.73,captured,PO-0920,order:CL-0809,0.65,0.08
PAY-00633,CL-0811,2026-09-20,68.85,2.71,captured,PO-0920,order:CL-0811,2.30,0.41
PAY-00634,CL-0812,2026-09-20,65.61,2.60,captured,PO-0920,order:CL-0812,2.20,0.40
PAY-00635,CL-0813,2026-09-20,57.24,2.30,captured,PO-0920,order:CL-0813,1.96,0.34
PAY-00636,CL-0814,2026-09-20,85.86,3.31,captured,PO-0920,order:CL-0814,2.79,0.52
PAY-00637,CL-0815,2026-09-20,45.36,1.89,captured,PO-0920,order:CL-0815,1.62,0.27
PAY-00638,CL-0817,2026-09-20,3.51,0.42,captured,PO-0920,order:CL-0817,0.40,0.02
PAY-00639,CL-0819,2026-09-20,139.86,5.20,captured,PO-0920,order:CL-0819,4.36,0.84
PAY-00640,CL-0820,2026-09-20,53.46,2.17,captured,PO-0920,order:CL-0820,1.85,0.32
PAY-00641,CL-0821,2026-09-20,34.56,1.51,captured,PO-0920,order:CL-0821,1.30,0.21
PAY-00642,CL-0822,2026-09-20,73.71,2.88,captured,PO-0920,order:CL-0822,2.44,0.44
PAY-00643,CL-0823,2026-09-20,75.06,2.93,captured,PO-0920,order:CL-0823,2.48,0.45
PAY-00644,CL-0824,2026-09-20,52.38,2.13,captured,PO-0920,order:CL-0824,1.82,0.31
PAY-00645,CL-0825,2026-09-20,119.88,4.50,captured,PO-0920,order:CL-0825,3.78,0.72
PAY-00646,CL-0826,2026-09-20,74.79,2.92,captured,PO-0920,order:CL-0826,2.47,0.45
PAY-00647,CL-0827,2026-09-20,49.41,2.03,captured,PO-0920,order:CL-0827,1.73,0.30
PAY-00648,CL-0828,2026-09-20,89.91,3.45,captured,PO-0920,order:CL-0828,2.91,0.54
PAY-00649,CL-0829,2026-09-20,32.40,1.43,captured,PO-0920,order:CL-0829,1.24,0.19
PAY-00650,CL-0831,2026-09-20,40.50,1.72,captured,PO-0920,order:CL-0831,1.47,0.25
PAY-00651,CL-0832,2026-09-20,51.84,2.11,captured,PO-0920,order:CL-0832,1.80,0.31
PAY-00652,CL-0833,2026-09-20,101.25,3.84,captured,PO-0920,order:CL-0833,3.24,0.60
PAY-00653,CL-0834,2026-09-20,12.96,0.75,captured,PO-0920,order:CL-0834,0.68,0.07
PAY-00654,CL-0835,2026-09-20,96.12,3.66,captured,PO-0920,order:CL-0835,3.09,0.57
PAY-00655,CL-0836,2026-09-20,97.20,3.70,captured,PO-0920,order:CL-0836,3.12,0.58
PAY-00656,CL-0837,2026-09-20,34.56,1.51,captured,PO-0920,order:CL-0837,1.30,0.21
PAY-00657,CL-0838,2026-09-20,22.68,1.09,captured,PO-0920,order:CL-0838,0.96,0.13
PAY-00658,CL-0839,2026-09-20,63.99,2.54,captured,PO-0920,order:CL-0839,2.16,0.38
PAY-00659,CL-0840,2026-09-20,121.50,4.55,captured,PO-0920,order:CL-0840,3.82,0.73
