refund_id,order_id,requested,status,amount,completed,tender,sale_return_gross,sale_return_tax,sale_return_net,excess_refund
RF-001,CL-0725,2026-09-18,succeeded,19.98,2026-09-18,card,19.98,1.48,18.50,0.00
RF-002,CL-0138,2026-09-03,succeeded,116.64,2026-09-03,card,116.64,8.64,108.00,0.00
RF-003,CL-0742,2026-09-18,succeeded,90.45,2026-09-18,card,90.45,6.70,83.75,0.00
RF-004,CL-0694,2026-09-17,succeeded,58.32,2026-09-17,card,58.32,4.32,54.00,0.00
RF-005,CL-0292,2026-09-08,succeeded,55.89,2026-09-08,card,55.89,4.14,51.75,0.00
RF-006,CL-0645,2026-09-16,succeeded,21.06,2026-09-16,card,21.06,1.56,19.50,0.00
RF-007,CL-0812,2026-09-20,succeeded,65.61,2026-09-20,card,65.61,4.86,60.75,0.00
RF-008,CL-0857,2026-09-22,succeeded,58.32,2026-09-22,card,58.32,4.32,54.00,0.00
RF-009,CL-0904,2026-09-23,succeeded,78.03,2026-09-23,card,78.03,5.78,72.25,0.00
RF-010,CL-0228,2026-09-12,failed,89.64,,card,0,0.00,0.00,0
RF-011,CL-0607,2026-09-21,succeeded,71.28,2026-09-21,card,71.28,5.28,66.00,0.00
RF-012,CL-0607,2026-09-23,succeeded,71.28,2026-09-23,card,0.00,0.00,0.00,71.28
RF-013,CL-0318,2026-09-24,succeeded,26.47,2026-09-24,card,16.47,1.22,15.25,10.00
RF-014,CL-0701,2026-09-22,succeeded,37.44,2026-09-22,card,37.44,2.77,34.67,0.00
