priority,reference,amount,issue,next_step,source
urgent,Ben Harlow,,Scones contain almond; draft wrongly promised nut-free,Send corrected draft; do not promise an allergy-safe class order,menu/recipes.md; inbox/2026-09-29-nut-allergy.md
urgent,DP-2209; CL-0355; PAY-00271,47.79 + 15 fee,Dispute evidence deadline October 6; cake claim conflicts with coffee/scones order,"Check current status, resolve product mismatch and submit truthful evidence if accepted",books/disputes.csv; books/register_export_sep16-30.csv
urgent,Supplier new-bank email,,Unverified different email domain,Verify by known trusted supplier contact before changing bank details,inbox/2026-10-05-bank-details.md
money,PO-0912,574.47,No bank deposit,Request settlement trace or later deposit evidence,books/payouts.csv; books/bank_statement.csv
money,PO-0922,35.00,Payout bank deposit is short,Request adjustment explanation; do not assume dispute deduction,books/payouts.csv; books/bank_statement.csv
money,PO-0925,559.57,Paid to closed account 1170,Trace/reissue to 4821 and remove old routing,books/payouts.csv; admin/accounts_and_services.md
money,PO-0927,723.53,Paid to closed account 1170,Trace/reissue to 4821 and remove old routing,books/payouts.csv; admin/accounts_and_services.md
money,INV-FL-0907,412.00,Two bank payments for same invoice,Request refund or documented supplier credit,books/bank_statement.csv; books/supplier_invoices.csv
money,OLDPOS SOFTWARE MONTHLY,49.00,Charge after cancellation,Request reversal and verify future billing stopped,books/bank_statement.csv; inbox/2026-08-28-oldpos.md
money,CL-0065; PAY-00047; PAY-00381,52.11,Duplicate captured charge,Verify no later refund; refund one duplicate and reply to Rosa,books/card_payments.csv; inbox/2026-09-25-charged-twice.md
money,CL-0246; RF-010; PAY-00187,47.52,Failed promised refund; refund date predates sale date,"Verify current status and order/date match, then complete promised refund",books/refunds.csv; inbox/2026-09-13-refund-promised.md
money,CL-0172; RF-011; PAY-00133,79.38,Pending refund,Verify processor status before any further refund,books/refunds.csv
money,CL-0024; RF-012; RF-013; PAY-00014,3.51,Refunded same full sale twice,Confirm settlement and processor remedy; no unauthorized recharge,books/refunds.csv; books/card_payments.csv
money,CL-0490,17.82,No captured card payment; coffee promotion before start,Find receipt and establish payment/date/price before collecting,books/register_export_sep16-30.csv; books/card_payments.csv
money,PAY-00382; terminal:T2; PO-0917,37.80,Captured payment without order,Match terminal receipt; do not count a second sale blindly,books/card_payments.csv
money,CL-0029; PAY-00018,57.51,Valid counter staff discount but card charged full amount,Verify actual receipt then resolve potential overcharge,books/register_export_sep01-15.csv; books/card_payments.csv
money,CL-0064; PAY-00046,17.28,Online staff discount total differs from charge,Check promise/eligibility and correct records; difference not automatically owed,books/register_export_sep01-15.csv; books/card_payments.csv
money,CL-0280,8.00,Cash received below sale total,Verify unpaid balance or cash coding,books/register_export_sep16-30.csv; books/cash_drawer.csv
money,"September 1, 8, 15, 22, 29 cash drawers",100.00,Every Tuesday count short by 20,Check floats/paid-outs and counting; no evidence of theft,books/cash_drawer.csv
money,PAY-00179 through PAY-00263,31.24,85 fees exceed signed contract,Review processor_fee_exceptions.csv and request explanation/credit,books/card_payments.csv; admin/accounts_and_services.md
bookkeeper,CL-0049; PAY-00034,45.00,Recorded discount omitted from total; expired/staff eligibility conflict,"Check receipt and customer promise before adjusting payment, sales and tax",reports/discount_exceptions.csv
bookkeeper,CL-0138; PAY-00106,7.65,Recorded discount omitted from total; expired/staff eligibility conflict,"Check receipt and customer promise before adjusting payment, sales and tax",reports/discount_exceptions.csv
bookkeeper,CL-0321; PAY-00242,27.00,Recorded discount omitted from total; expired/staff eligibility conflict,"Check receipt and customer promise before adjusting payment, sales and tax",reports/discount_exceptions.csv
bookkeeper,CL-0323; PAY-00244,5.89,Recorded discount omitted from total; expired/staff eligibility conflict,"Check receipt and customer promise before adjusting payment, sales and tax",reports/discount_exceptions.csv
bookkeeper,CL-0367; PAY-00282,24.75,Recorded discount omitted from total; expired/staff eligibility conflict,"Check receipt and customer promise before adjusting payment, sales and tax",reports/discount_exceptions.csv
bookkeeper,September tax draft,,Tax and taxable base fail reconciliation,Review sales_tax_return_review.csv; do not file old draft unchanged,books/draft_sales_tax_return.csv
owner decision,Westside Dental October 16 11:30,360.00 food; 389.70 with tax,Three trays at current price lose about 36.56 before overhead,"Approve sustainable price/capacity, then quote and reserve; draft remains unsent",books/cost_sheet.csv; inbox/2026-09-30-catering.md
customer,Hannah Ito; order number unknown,,Confirmation day displayed incorrectly,Ask for confirmation link/number and agree remedy; do not invent order match,inbox/2026-10-04-missing-order.md
customer,October 3 tax review; order number unknown,,Tax complaint about WELCOME10,Identify receipt/order and adjust verified overcharge; no public reply sent,listing/reviews.md
operations,Dana Whitfield,,Requested unsubscribe,Apply unsubscribe in real email platform; local subscriber/suppression CSVs corrected,inbox/2026-10-02-unsubscribe.md
operations,"Website, register, listing, shop signs",,Folder corrections are not live publication,Deploy/restart site; update till tax/prices; publish listing and replace print materials,reports/OWNER-REPORT.md
operations,Admin password; gift-card activation,,Default flour password is known; new cards need paid activation,Set strong private ADMIN_PASSWORD and HTTPS; train staff to activate only after full payment,website/README.md
owner/legal,Gift-card expiry,,One-year expiry needs local legal verification,Confirm governing rules before enforcing expiration,policies/gift_cards.md
