payment_id,order_id,payment_at,tender,status,amount,fee,settled_at,reference,notes
P-202609-049,O-202609-044,2026-09-16T13:00:00,card,captured,113.89,3.60,2026-09-16,order:O-202609-044,
P-202609-101,O-202609-094,2026-09-12T13:00:00,card,captured,69.33,2.31,2026-09-12,order:O-202609-094,
P-202609-045,O-202609-040,2026-09-17T13:00:00,card,captured,70.63,2.35,2026-09-17,order:O-202609-040,
P-202609-002,O-202609-002,2026-09-04T13:00:00,card,captured,29.16,1.15,2026-09-04,order:O-202609-002,
P-202609-078,O-202609-072,2026-09-25T13:00:00,card,captured,101.74,3.25,2026-09-25,order:O-202609-072,
P-202609-076,O-202609-070,2026-09-24T13:00:00,cash,captured,27.70,0.00,2026-09-24,order:O-202609-070,
P-202609-014,O-202609-012,2026-09-16T13:00:00,card,captured,32.40,1.24,2026-09-16,order:O-202609-012,
P-202609-027,O-202609-023,2026-09-16T13:00:00,card,captured,202.99,6.19,2026-09-16,order:O-202609-023,
P-202609-057,O-202609-051,2026-09-09T13:00:00,card,captured,157.09,4.86,2026-09-09,order:O-202609-051,
P-202609-079,O-202609-073,2026-09-27T13:00:00,card,captured,66.58,2.23,2026-09-27,order:O-202609-073,
P-202609-033,O-202609-029,2026-09-21T13:00:00,card,captured,129.60,4.06,2026-09-21,order:O-202609-029,
P-202609-059,O-202609-053,2026-09-12T13:00:00,card,captured,153.58,4.75,2026-09-12,order:O-202609-053,
P-202609-088,O-202609-082,2026-09-24T13:00:00,card,captured,166.54,5.13,2026-09-24,order:O-202609-082,
P-202609-103,O-202609-096,2026-09-17T13:00:00,card,captured,70.96,2.36,2026-09-17,order:O-202609-096,
P-202609-007,O-202609-005,2026-09-07T13:00:00,card,captured,46.28,1.64,2026-09-07,order:O-202609-005,
P-202609-019,O-202609-017,2026-09-20T13:00:00,cash,captured,58.32,0.00,2026-09-20,order:O-202609-017,
P-202609-011,O-202609-009,2026-09-11T13:00:00,card,captured,113.08,3.58,2026-09-11,order:O-202609-009,
P-202609-073,O-202609-067,2026-09-22T13:00:00,card,captured,65.45,2.20,2026-09-22,order:O-202609-067,
P-202609-009,O-202609-007,2026-09-09T13:00:00,card,captured,139.32,4.34,2026-09-09,order:O-202609-007,
P-202609-032,O-202609-028,2026-09-11T13:00:00,cash,captured,124.09,0.00,2026-09-11,order:O-202609-028,
P-202609-012,O-202609-010,2026-09-12T13:00:00,card,captured,71.28,2.37,2026-09-12,order:O-202609-010,
P-202609-019,O-202609-017,2026-09-20T13:00:00,cash,captured,58.32,0.00,2026-09-20,order:O-202609-017,
P-202609-087,O-202609-081,2026-09-05T13:00:00,card,captured,139.32,4.34,2026-09-05,order:O-202609-081,
P-202609-010,O-202609-007,2026-09-09T13:00:00,card,captured,139.32,4.34,2026-09-09,order:O-202609-007,Second accepted terminal charge
P-202609-028,O-202609-024,2026-09-13T13:00:00,card,captured,121.82,3.83,2026-09-13,order:O-202609-024,
P-202609-017,O-202609-015,2026-09-18T13:00:00,card,captured,35.64,1.33,2026-09-18,order:O-202609-015,
P-202609-091,O-202609-085,2026-09-20T13:00:00,gift_card,captured,25.00,0.00,2026-09-20,order:O-202609-085,
P-202609-099,O-202609-092,2026-09-10T13:00:00,card,captured,151.15,4.68,2026-09-10,order:O-202609-092,
P-202609-036,O-202609-032,2026-09-02T13:00:00,card,captured,148.07,4.59,2026-09-02,order:O-202609-032,
P-202609-016,O-202609-014,2026-09-17T13:00:00,card,captured,64.80,2.18,2026-09-17,order:O-202609-014,
P-202609-069,O-202609-063,2026-09-23T13:00:00,cash,captured,158.11,0.00,2026-09-23,order:O-202609-063,
P-202609-004,O-202609-004,2026-09-06T13:00:00,card,declined,77.76,0.00,,order:O-202609-004,
P-202609-058,O-202609-052,2026-09-11T13:00:00,card,captured,64.64,2.17,2026-09-11,order:O-202609-052,
P-202609-018,O-202609-016,2026-09-19T13:00:00,card,captured,48.60,1.71,2026-09-19,order:O-202609-016,
P-202609-035,O-202609-031,2026-09-09T13:00:00,card,captured,51.84,1.80,2026-09-09,order:O-202609-031,
P-202609-029,O-202609-025,2026-09-20T13:00:00,card,captured,90.07,2.91,2026-09-20,order:O-202609-025,
P-202609-084,O-202609-078,2026-09-04T13:00:00,card,captured,25.92,1.05,2026-09-04,order:O-202609-078,
P-202609-030,O-202609-026,2026-09-05T13:00:00,card,captured,61.72,2.09,2026-09-05,order:O-202609-026,
P-202609-010,O-202609-007,2026-09-09T13:00:00,card,captured,139.32,4.34,2026-09-09,order:O-202609-007,Second accepted terminal charge
P-202609-006,O-202609-005,2026-09-07T13:00:00,gift_card,captured,25.00,0.00,2026-09-07,order:O-202609-005,
P-202609-092,O-202609-085,2026-09-20T13:00:00,card,captured,88.08,2.85,2026-09-20,order:O-202609-085,
P-202609-102,O-202609-095,2026-09-10T13:00:00,card,captured,63.88,2.15,2026-09-10,order:O-202609-095,
P-202609-048,O-202609-043,2026-09-18T13:00:00,card,captured,106.92,3.40,2026-09-18,order:O-202609-043,
P-202609-065,O-202609-059,2026-09-14T13:00:00,card,captured,121.50,3.82,2026-09-14,order:O-202609-059,
P-202609-040,O-202609-035,2026-09-26T13:00:00,cash,captured,190.84,0.00,2026-09-26,order:O-202609-035,
P-202609-070,O-202609-064,2026-09-03T13:00:00,card,captured,31.10,1.20,2026-09-03,order:O-202609-064,
P-202609-013,O-202609-011,2026-09-30T13:00:00,card,captured,58.32,1.99,2026-10-02,order:O-202609-011,
P-202609-061,O-202609-055,2026-09-26T13:00:00,card,captured,58.32,1.99,2026-09-26,order:O-202609-055,
P-202609-041,O-202609-036,2026-09-13T13:00:00,card,captured,44.71,1.60,2026-09-13,order:O-202609-036,
P-202609-066,O-202609-060,2026-09-15T13:00:00,card,captured,70.96,2.36,2026-09-15,order:O-202609-060,
P-202609-074,O-202609-068,2026-09-16T13:00:00,gift_card,captured,9.72,0.00,2026-09-16,order:O-202609-068,
P-202609-094,O-202609-087,2026-09-08T13:00:00,card,captured,68.04,2.27,2026-09-08,order:O-202609-087,
P-202609-089,O-202609-083,2026-09-17T13:00:00,card,captured,122.96,3.87,2026-09-17,order:O-202609-083,
P-202609-003,O-202609-003,2026-09-05T13:00:00,card,captured,29.16,1.15,2026-09-05,order:O-202609-003,
P-202609-044,O-202609-039,2026-09-19T13:00:00,card,captured,22.68,0.96,2026-09-19,order:O-202609-039,
P-202609-023,O-202609-000,2026-08-26T13:00:00,card,captured,92.02,2.97,2026-08-26,order:O-202609-000,
P-202609-090,O-202609-084,2026-09-24T13:00:00,cash,captured,73.39,0.00,2026-09-24,order:O-202609-084,
P-202609-056,O-202609-051,2026-09-09T13:00:00,gift_card,captured,25.00,0.00,2026-09-09,order:O-202609-051,
P-202609-024,,2026-09-24T13:00:00,card,captured,37.80,1.40,2026-09-24,terminal:unlinked-884,Processor export has no order reference
P-202609-072,O-202609-066,2026-09-23T13:00:00,card,captured,126.36,3.96,2026-09-23,order:O-202609-066,
P-202609-107,O-202609-100,2026-09-03T13:00:00,card,captured,164.59,5.07,2026-09-03,order:O-202609-100,
P-202609-085,O-202609-079,2026-09-26T13:00:00,card,captured,75.82,2.50,2026-09-26,order:O-202609-079,
P-202609-105,O-202609-098,2026-09-04T13:00:00,cash,captured,49.25,0.00,2026-09-04,order:O-202609-098,
P-202609-063,O-202609-057,2026-09-24T13:00:00,card,captured,80.40,2.63,2026-09-24,order:O-202609-057,
P-202609-026,O-202609-022,2026-09-02T13:00:00,card,captured,85.54,2.78,2026-09-02,order:O-202609-022,
P-202609-038,O-202609-034,2026-09-21T13:00:00,gift_card,captured,25.00,0.00,2026-09-21,order:O-202609-034,
P-202609-046,O-202609-041,2026-09-20T13:00:00,card,captured,155.52,4.81,2026-09-20,order:O-202609-041,
P-202609-052,O-202609-047,2026-09-15T13:00:00,card,captured,119.88,3.78,2026-09-15,order:O-202609-047,
P-202609-080,O-202609-074,2026-09-06T13:00:00,card,captured,128.30,4.02,2026-09-06,order:O-202609-074,
P-202609-093,O-202609-086,2026-09-21T13:00:00,card,captured,182.09,5.58,2026-09-21,order:O-202609-086,
P-202609-025,O-202609-021,2026-09-21T13:00:00,cash,captured,84.24,0.00,2026-09-21,order:O-202609-021,
P-202609-096,O-202609-089,2026-09-27T13:00:00,card,captured,83.27,2.71,2026-09-27,order:O-202609-089,
P-202609-043,O-202609-038,2026-09-03T13:00:00,card,captured,44.44,1.59,2026-09-03,order:O-202609-038,
P-202609-050,O-202609-045,2026-09-07T13:00:00,card,captured,178.52,5.48,2026-09-07,order:O-202609-045,
P-202609-095,O-202609-088,2026-09-12T13:00:00,card,captured,168.48,5.19,2026-09-12,order:O-202609-088,
P-202609-039,O-202609-034,2026-09-21T13:00:00,card,captured,65.72,2.21,2026-09-21,order:O-202609-034,
P-202609-106,O-202609-099,2026-09-04T13:00:00,card,captured,125.39,3.94,2026-09-04,order:O-202609-099,
P-202609-067,O-202609-061,2026-09-09T13:00:00,card,captured,184.68,5.66,2026-09-09,order:O-202609-061,
P-202609-081,O-202609-075,2026-09-20T13:00:00,card,captured,62.69,2.12,2026-09-20,order:O-202609-075,
P-202609-022,O-202609-020,2026-09-23T13:00:00,card,captured,64.80,2.18,2026-09-23,order:O-202609-020,
P-202609-104,O-202609-097,2026-09-15T13:00:00,card,captured,80.68,2.64,2026-09-15,order:O-202609-097,
P-202609-031,O-202609-027,2026-09-09T13:00:00,card,captured,181.44,5.56,2026-09-09,order:O-202609-027,
P-202609-020,O-202609-018,2026-09-21T13:00:00,card,captured,56.05,1.93,2026-09-21,order:O-202609-018,
P-202609-034,O-202609-030,2026-09-24T13:00:00,card,captured,86.18,2.80,2026-09-24,order:O-202609-030,
P-202609-083,O-202609-077,2026-09-14T13:00:00,cash,captured,40.82,0.00,2026-09-14,order:O-202609-077,
P-202609-062,O-202609-056,2026-09-14T13:00:00,cash,captured,22.68,0.00,2026-09-14,order:O-202609-056,
P-202609-053,O-202609-048,2026-09-17T13:00:00,card,captured,174.96,5.37,2026-09-17,order:O-202609-048,
P-202609-008,O-202609-006,2026-09-08T13:00:00,card,captured,50.00,1.75,2026-09-08,order:O-202609-006,
P-202609-077,O-202609-071,2026-09-05T13:00:00,card,captured,181.44,5.56,2026-09-05,order:O-202609-071,
P-202609-054,O-202609-049,2026-09-04T13:00:00,cash,captured,174.96,0.00,2026-09-04,order:O-202609-049,
P-202609-005,O-202609-004,2026-09-06T13:00:00,card,captured,77.76,2.56,2026-09-06,order:O-202609-004,
P-202609-001,O-202609-001,2026-09-02T13:00:00,card,captured,42.12,1.52,2026-09-02,order:O-202609-001,
P-202609-003,O-202609-003,2026-09-05T13:00:00,card,captured,29.16,1.15,2026-09-05,order:O-202609-003,
P-202609-055,O-202609-050,2026-09-01T13:00:00,card,captured,66.58,2.23,2026-09-01,order:O-202609-050,
P-202609-064,O-202609-058,2026-09-22T13:00:00,card,captured,184.68,5.66,2026-09-22,order:O-202609-058,
P-202609-021,,2026-09-22T13:00:00,card,captured,71.28,2.37,2026-09-22,order:O-202609-019,
P-202609-097,O-202609-090,2026-09-07T13:00:00,card,captured,75.82,2.50,2026-09-07,order:O-202609-090,
P-202609-082,O-202609-076,2026-09-09T13:00:00,card,captured,95.41,3.07,2026-09-09,order:O-202609-076,
P-202609-086,O-202609-080,2026-09-19T13:00:00,card,captured,166.54,5.13,2026-09-19,order:O-202609-080,
P-202609-100,O-202609-093,2026-09-13T13:00:00,card,captured,78.74,2.58,2026-09-13,order:O-202609-093,
P-202609-068,O-202609-062,2026-09-19T13:00:00,card,captured,181.44,5.56,2026-09-19,order:O-202609-062,
P-202609-015,O-202609-013,2026-09-16T13:00:00,card,captured,61.56,2.09,2026-09-16,order:O-202609-013,
P-202609-037,O-202609-033,2026-09-14T13:00:00,card,captured,85.54,2.78,2026-09-14,order:O-202609-033,
P-202609-071,O-202609-065,2026-09-20T13:00:00,card,captured,61.56,2.09,2026-09-20,order:O-202609-065,
P-202609-060,O-202609-054,2026-09-17T13:00:00,card,captured,141.26,4.40,2026-09-17,order:O-202609-054,
P-202609-075,O-202609-069,2026-09-16T13:00:00,card,captured,168.48,5.19,2026-09-16,order:O-202609-069,
P-202609-098,O-202609-091,2026-09-10T13:00:00,cash,captured,9.72,0.00,2026-09-10,order:O-202609-091,
P-202609-042,O-202609-037,2026-09-04T13:00:00,card,captured,44.88,1.60,2026-09-04,order:O-202609-037,
P-202609-051,O-202609-046,2026-09-26T13:00:00,card,captured,76.46,2.52,2026-09-26,order:O-202609-046,
P-202609-047,O-202609-042,2026-09-15T13:00:00,cash,captured,155.52,0.00,2026-09-15,order:O-202609-042,
