email,joined
customer001@example.com,2026-02-11
customer002@example.com,2026-03-12
customer003@example.com,2026-04-13
customer004@example.com,2026-05-14
customer005@example.com,2026-06-15
customer006@example.com,2026-07-16
customer007@example.com,2026-08-17
customer008@example.com,2026-01-18
customer009@example.com,2026-02-10
customer010@example.com,2026-03-11
customer011@example.com,2026-04-12
customer012@example.com,2026-05-13
customer013@example.com,2026-06-14
customer014@example.com,2026-07-15
customer015@example.com,2026-08-16
customer016@example.com,2026-01-17
customer017@example.com,2026-02-18
customer018@example.com,2026-03-10
customer019@example.com,2026-04-11
customer020@example.com,2026-05-12
customer021@example.com,2026-06-13
customer022@example.com,2026-07-14
customer023@example.com,2026-08-15
customer024@example.com,2026-01-16
customer025@example.com,2026-02-17
customer026@example.com,2026-03-18
customer027@example.com,2026-04-10
customer028@example.com,2026-05-11
customer029@example.com,2026-06-12
customer030@example.com,2026-07-13
customer031@example.com,2026-08-14
customer032@example.com,2026-01-15
customer033@example.com,2026-02-16
customer034@example.com,2026-03-17
customer035@example.com,2026-04-18
customer036@example.com,2026-05-10
customer037@example.com,2026-06-11
customer038@example.com,2026-07-12
customer039@example.com,2026-08-13
customer040@example.com,2026-01-14
marco.b@example.com,2026-05-17
