order_id,saved_total,saved_tax,tax_at_correct_rate,difference,action
1,64.80,4.80,4.95,0.15,Owner/bookkeeper review; agreed customer total left unchanged
2,89.10,6.60,6.81,0.21,Owner/bookkeeper review; agreed customer total left unchanged
3,5.40,0.40,0.41,0.01,Owner/bookkeeper review; agreed customer total left unchanged
4,17.82,1.32,1.36,0.04,Owner/bookkeeper review; agreed customer total left unchanged
5,26.19,1.94,2.00,0.06,Owner/bookkeeper review; agreed customer total left unchanged
6,36.72,2.72,2.81,0.09,Owner/bookkeeper review; agreed customer total left unchanged
7,14.04,1.04,1.07,0.03,Owner/bookkeeper review; agreed customer total left unchanged
8,40.50,3.00,3.09,0.09,Owner/bookkeeper review; agreed customer total left unchanged
9,85.32,6.32,6.52,0.20,Owner/bookkeeper review; agreed customer total left unchanged
10,24.84,1.84,1.90,0.06,Owner/bookkeeper review; agreed customer total left unchanged
11,51.84,3.84,3.96,0.12,Owner/bookkeeper review; agreed customer total left unchanged
12,45.63,3.38,3.49,0.11,Owner/bookkeeper review; agreed customer total left unchanged
13,44.82,3.32,3.42,0.10,Owner/bookkeeper review; agreed customer total left unchanged
14,37.26,2.76,2.85,0.09,Owner/bookkeeper review; agreed customer total left unchanged
15,14.04,1.04,1.07,0.03,Owner/bookkeeper review; agreed customer total left unchanged
16,14.04,1.04,1.07,0.03,Owner/bookkeeper review; agreed customer total left unchanged
17,31.86,2.36,2.43,0.07,Owner/bookkeeper review; agreed customer total left unchanged
18,23.22,1.72,1.77,0.05,Owner/bookkeeper review; agreed customer total left unchanged
19,44.01,3.26,3.36,0.10,Owner/bookkeeper review; agreed customer total left unchanged
20,28.08,2.08,2.15,0.07,Owner/bookkeeper review; agreed customer total left unchanged
21,17.82,1.32,1.36,0.04,Owner/bookkeeper review; agreed customer total left unchanged
22,45.63,3.38,3.49,0.11,Owner/bookkeeper review; agreed customer total left unchanged
23,14.04,1.04,1.07,0.03,Owner/bookkeeper review; agreed customer total left unchanged
24,69.39,5.14,5.30,0.16,Owner/bookkeeper review; agreed customer total left unchanged
25,25.11,1.86,1.92,0.06,Owner/bookkeeper review; agreed customer total left unchanged
26,31.59,2.34,2.41,0.07,Owner/bookkeeper review; agreed customer total left unchanged
27,25.92,1.92,1.98,0.06,Owner/bookkeeper review; agreed customer total left unchanged
29,25.00,0.00,2.06,2.06,Owner/bookkeeper review; agreed customer total left unchanged
30,51.84,3.84,3.96,0.12,Owner/bookkeeper review; agreed customer total left unchanged
31,16.20,1.20,1.24,0.04,Owner/bookkeeper review; agreed customer total left unchanged
32,25.00,0.00,2.06,2.06,Owner/bookkeeper review; agreed customer total left unchanged
33,10.80,0.80,0.83,0.03,Owner/bookkeeper review; agreed customer total left unchanged
34,22.68,1.68,1.73,0.05,Owner/bookkeeper review; agreed customer total left unchanged
35,9.72,0.72,0.74,0.02,Owner/bookkeeper review; agreed customer total left unchanged
37,21.06,1.56,1.61,0.05,Owner/bookkeeper review; agreed customer total left unchanged
38,25.00,0.00,2.06,2.06,Owner/bookkeeper review; agreed customer total left unchanged
40,24.30,1.80,1.86,0.06,Owner/bookkeeper review; agreed customer total left unchanged
42,12.96,0.96,0.99,0.03,Owner/bookkeeper review; agreed customer total left unchanged
43,15.12,1.12,1.16,0.04,Owner/bookkeeper review; agreed customer total left unchanged
