order_id,qty,saved_unit_price,current_unit_price,action
5,4,3.25,3.50,Owner review; agreed order price retained
6,4,3.25,3.50,Owner review; agreed order price retained
7,4,3.25,3.50,Owner review; agreed order price retained
9,4,3.25,3.50,Owner review; agreed order price retained
12,4,3.25,3.50,Owner review; agreed order price retained
13,4,3.25,3.50,Owner review; agreed order price retained
14,4,3.25,3.50,Owner review; agreed order price retained
15,4,3.25,3.50,Owner review; agreed order price retained
16,4,3.25,3.50,Owner review; agreed order price retained
17,4,3.25,3.50,Owner review; agreed order price retained
19,4,3.25,3.50,Owner review; agreed order price retained
22,4,3.25,3.50,Owner review; agreed order price retained
23,4,3.25,3.50,Owner review; agreed order price retained
26,4,3.25,3.50,Owner review; agreed order price retained
37,6,3.25,3.50,Owner review; agreed order price retained
