dataset,id,source,row,decision,record_version,amount
orders,O-202609-0674-L01,orders.csv,23,older version superseded,1,38.88
orders,O-202609-0050-L01,orders.csv,1331,older version superseded,1,68.04
orders,O-202609-0496-L01,orders.csv,1129,exact repeat removed,1,20.41
orders,O-202609-0082-L01,orders.csv,741,older version superseded,1,35.64
orders,O-202609-0100-L01,orders.csv,944,older version superseded,1,49.25
orders,O-202609-0753-L01,orders.csv,1704,exact repeat removed,1,36.94
orders,O-202609-0743-L01,orders.csv,1685,exact repeat removed,1,129.60
orders,O-202609-0456-L01,orders.csv,434,older version superseded,2,113.40
orders,O-202609-0456-L01,orders.csv,748,older version superseded,1,136.08
orders,O-202609-0171-L01,orders.csv,2114,older version superseded,1,103.68
orders,O-202609-0171-L01,orders.csv,2238,older version superseded,2,69.12
orders,O-202609-0177-L01,orders.csv,1539,exact repeat removed,1,259.20
orders,O-202609-0669-L01,orders.csv,645,older version superseded,1,103.68
orders,O-202609-0706-L01,orders.csv,695,older version superseded,1,25.92
orders,O-202609-0391-L01,orders.csv,1978,older version superseded,1,64.80
orders,O-202609-0394-L01,orders.csv,1517,older version superseded,1,9.72
orders,O-202609-0496-L02,orders.csv,1130,exact repeat removed,1,51.84
orders,O-202609-0977-L02,orders.csv,2194,exact repeat removed,1,259.20
orders,O-202609-0800-L01,orders.csv,1809,exact repeat removed,1,11.29
orders,O-202609-0675-L01,orders.csv,1800,exact repeat removed,1,110.16
orders,O-202609-0875-L01,orders.csv,2215,exact repeat removed,1,47.52
payments,P-202609-0120,payments.csv,151,exact repeat removed,,23.76
payments,P-202609-0470,payments.csv,503,exact repeat removed,,56.97
payments,P-202609-0773,payments.csv,807,exact repeat removed,,289.44
payments,P-202609-0354,payments.csv,922,exact repeat removed,,81.65
payments,P-202609-0380,payments.csv,977,exact repeat removed,,86.40
payments,P-202609-0792,payments.csv,826,exact repeat removed,,33.05
refunds,R-202609-013,refunds.csv,16,exact repeat removed,,4.59
refunds,R-202609-006,refunds.csv,15,exact repeat removed,,16.53
