sku,product_name,gross_sales,discounts,sales,returns,net_sales,units_sold,units_returned,order_count,net_units
CATER120,Catering Tray,38010.00,1542.00,36468.00,456.00,36012.00,317,4,214,313
CAKE48,Birthday Cake,15600.00,580.80,15019.20,96.00,14923.20,325,2,213,323
CROISSANT21,Croissant Box (6),10783.50,389.55,10393.95,63.00,10330.95,514,3,211,511
PIE32,Seasonal Pie,9952.00,284.80,9667.20,0,9667.20,311,0,215,311
COFFEE18,Coffee Beans 1lb,9126.00,291.60,8834.40,63.90,8770.50,507,4,206,503
MUFFIN15,Muffin Box (4),7716.00,261.00,7455.00,13.50,7441.50,515,1,210,514
COOKIE12,Cookie Box (12),6958.20,301.80,6656.40,46.80,6609.60,580,4,225,576
GRANOLA11,Granola Jar,5753.00,195.80,5557.20,0,5557.20,523,0,214,523
BREAD9,Sourdough Loaf,5580.00,176.85,5403.15,24.30,5378.85,620,3,239,617
BAGUETTE5,Baguette,2795.00,99.00,2696.00,36.25,2659.75,559,8,213,551
