refund_id,order_id,line_id,requested_at,completed_at,status,quantity,refund_sales,refund_tax,refund_total,tender,fee_adjustment,settled_at,notes,included_in_month,included_in_payout,sku,resolved_customer
R-202609-001,O-202608-0406,O-202608-0406-L01,2026-09-01T16:06:00,2026-09-01T19:06:00,succeeded,2,216.00,17.28,233.28,card,0.00,2026-09-02,Customer return,True,True,CATER120,C062
R-202609-002,O-202609-0006,O-202609-0006-L01,2026-09-06T10:39:00,2026-09-06T11:39:00,succeeded,2,16.20,1.29,17.49,card,0.00,2026-09-08,Damaged item,True,True,BREAD9,C011
R-202609-013,O-202609-0338,O-202609-0338-L01,2026-09-16T16:29:00,2026-09-16T17:29:00,succeeded,1,4.25,0.34,4.59,card,0.00,2026-09-17,Damaged item,True,True,BAGUETTE5,C043
R-202609-003,O-202609-0068,O-202609-0068-L01,2026-09-06T12:03:00,2026-09-06T15:03:00,succeeded,2,10.00,0.80,10.80,card,0.30,2026-09-08,Damaged item,True,True,BAGUETTE5,C007
R-202609-004,O-202609-0095,O-202609-0095-L01,2026-09-07T12:50:00,2026-09-07T14:50:00,succeeded,1,5.00,0.40,5.40,cash,0.00,,Quality complaint,True,False,BAGUETTE5,C011
R-202609-005,O-202609-0074,O-202609-0074-L01,2026-09-08T09:57:00,,failed,2,37.80,3.02,40.82,card,0.00,,Quality complaint,False,False,CROISSANT21,C048
R-202609-006,O-202609-0172,O-202609-0172-L01,2026-09-10T11:45:00,2026-09-10T13:45:00,succeeded,1,15.30,1.23,16.53,card,0.00,2026-09-11,Damaged item,True,True,COFFEE18,C074
R-202609-007,O-202609-0144,O-202609-0144-L01,2026-09-10T14:25:00,,failed,2,35.70,2.85,38.55,card,0.00,,Quality complaint,False,False,CROISSANT21,C002
R-202609-008,O-202608-0762,O-202608-0762-L01,2026-09-10T16:37:00,2026-09-10T18:37:00,succeeded,2,96.00,7.68,103.68,card,0.00,2026-09-11,Quality complaint,True,True,CAKE48,C029
R-202609-009,O-202608-0433,O-202608-0433-L01,2026-09-11T14:25:00,2026-09-11T17:25:00,succeeded,2,240.00,19.20,259.20,card,0.00,2026-09-14,Damaged item,True,True,CATER120,C080
R-202609-010,O-202609-0342,O-202609-0342-L01,2026-09-14T09:44:00,2026-09-14T12:44:00,succeeded,1,4.25,0.34,4.59,cash,0.00,,Damaged item,True,False,BAGUETTE5,C007
R-202609-011,O-202609-0311,O-202609-0311-L01,2026-09-14T16:32:00,,pending,1,10.80,0.86,11.66,card,0.00,,Quality complaint,False,False,COOKIE12,C017
R-202609-012,O-202609-0366,O-202609-0366-L01,2026-09-15T13:40:00,2026-09-15T16:40:00,succeeded,2,24.00,1.92,25.92,card,0.00,2026-09-16,Quality complaint,True,True,COOKIE12,C075
R-202609-014,O-202609-0394,O-202609-0394-L01,2026-09-17T13:20:00,2026-09-17T16:20:00,succeeded,1,8.10,0.65,8.75,card,0.00,2026-09-18,Quality complaint,True,True,BREAD9,C005
R-202609-015,O-202609-0402,O-202609-0402-L01,2026-09-19T11:37:00,2026-09-19T13:37:00,succeeded,3,63.00,5.04,68.04,cash,0.00,,Quality complaint,True,False,CROISSANT21,C008
R-202609-016,O-202609-0601,O-202609-0601-L01,2026-09-22T15:51:00,,pending,2,18.00,1.44,19.44,card,0.00,,Damaged item,False,False,BREAD9,C019
R-202609-017,O-202609-0682,O-202609-0682-L01,2026-09-23T12:05:00,2026-09-23T15:05:00,succeeded,3,48.60,3.89,52.49,cash,0.00,,Customer return,True,False,COFFEE18,C062
R-202609-018,O-202609-0706,O-202609-0706-L01,2026-09-24T12:32:00,2026-09-24T14:32:00,succeeded,1,10.80,0.86,11.66,card,0.00,2026-09-25,Customer return,True,True,COOKIE12,C001
R-202609-019,O-202609-0637,O-202609-0637-L01,2026-09-25T12:32:00,2026-09-25T14:32:00,succeeded,3,12.75,1.02,13.77,cash,0.00,,Wrong item packed,True,False,BAGUETTE5,C048
R-202609-020,O-202609-0665,O-202609-0665-L01,2026-09-25T15:26:00,,failed,1,11.00,0.88,11.88,card,0.00,,Wrong item packed,False,False,GRANOLA11,C038
R-202609-021,O-202609-0724,O-202609-0724-L01,2026-09-30T10:00:00,2026-09-30T12:00:00,succeeded,1,13.50,1.08,14.58,card,0.00,2026-10-01,Customer return,True,False,MUFFIN15,C003
R-202609-022,O-202609-0694,O-202609-0694-L01,2026-09-30T11:00:00,2026-09-30T13:00:00,succeeded,1,12.00,0.96,12.96,card,0.00,2026-10-01,Quality complaint,True,False,COOKIE12,C007
R-202609-023,O-202609-0738,O-202609-0738-L01,2026-09-30T11:00:00,2026-10-01T10:21:00,succeeded,1,10.80,0.87,11.67,card,0.00,2026-10-02,Damaged item,False,False,COOKIE12,C004
R-202609-024,O-202609-0787,O-202609-0787-L01,2026-09-30T12:00:00,2026-10-01T10:14:00,succeeded,1,18.00,1.44,19.44,card,0.00,2026-10-02,Customer return,False,False,COFFEE18,C003
