record_type,id,order_id,activity_date,settled_at,amount,fee_or_credit,explanation
payment,P-202608-1093,O-202608-0977,2026-08-31T07:31:00,2026-09-01,29.16,1.15,Earlier charge settling this month
payment,P-202608-1094,O-202608-0986,2026-08-31T14:08:00,2026-09-01,254.88,7.69,Earlier charge settling this month
payment,P-202608-1095,O-202608-0987,2026-08-31T14:11:00,2026-09-01,194.24,5.93,Earlier charge settling this month
payment,P-202608-1096,O-202608-0988,2026-08-31T14:13:00,2026-09-01,60.48,2.05,Earlier charge settling this month
payment,P-202608-1097,O-202608-0989,2026-08-31T14:26:00,2026-09-01,129.60,4.06,Earlier charge settling this month
payment,P-202608-1098,O-202608-0990,2026-08-31T16:50:00,2026-09-01,127.27,3.99,Earlier charge settling this month
payment,P-202608-1100,O-202608-0992,2026-08-31T17:28:00,2026-09-01,113.40,3.59,Earlier charge settling this month
payment,P-202609-0986,O-202609-0967,2026-09-30T07:58:00,2026-10-01,22.68,0.96,Month charge settling outside month
payment,P-202609-0987,O-202609-0968,2026-09-30T08:20:00,2026-10-01,29.16,1.15,Month charge settling outside month
payment,P-202609-0989,O-202609-0970,2026-09-30T09:21:00,2026-10-01,88.13,2.86,Month charge settling outside month
payment,P-202609-0990,O-202609-0971,2026-09-30T09:49:00,2026-10-01,89.42,2.89,Month charge settling outside month
payment,P-202609-0991,O-202609-0972,2026-09-30T10:00:00,2026-10-01,259.20,7.82,Month charge settling outside month
payment,P-202609-0992,O-202609-0973,2026-09-30T10:03:00,2026-10-01,127.98,4.01,Month charge settling outside month
payment,P-202609-0993,O-202609-0974,2026-09-30T10:07:00,2026-10-01,259.20,7.82,Month charge settling outside month
payment,P-202609-0994,O-202609-0975,2026-09-30T10:13:00,2026-10-01,47.52,1.68,Month charge settling outside month
payment,P-202609-0996,O-202609-0977,2026-09-30T10:56:00,2026-10-01,327.24,9.79,Month charge settling outside month
payment,P-202609-0997,O-202609-0978,2026-09-30T11:24:00,2026-10-01,104.65,3.33,Month charge settling outside month
payment,P-202609-1000,O-202609-0981,2026-09-30T12:26:00,2026-10-01,90.72,2.93,Month charge settling outside month
payment,P-202609-1001,O-202609-0982,2026-09-30T12:38:00,2026-10-01,62.04,2.10,Month charge settling outside month
payment,P-202609-1002,O-202609-0983,2026-09-30T12:39:00,2026-10-01,116.48,3.68,Month charge settling outside month
payment,P-202609-1004,O-202609-0985,2026-09-30T13:02:00,2026-10-01,113.40,3.59,Month charge settling outside month
payment,P-202609-1006,O-202609-0987,2026-09-30T13:40:00,2026-10-01,95.36,3.07,Month charge settling outside month
payment,P-202609-1007,O-202609-0988,2026-09-30T13:46:00,2026-10-01,78.84,2.59,Month charge settling outside month
payment,P-202609-1008,O-202609-0989,2026-09-30T14:00:00,2026-10-01,281.88,8.47,Month charge settling outside month
payment,P-202609-1009,O-202609-0990,2026-09-30T14:03:00,2026-10-01,130.46,4.08,Month charge settling outside month
payment,P-202609-1010,O-202609-0991,2026-09-30T14:37:00,2026-10-01,208.22,6.34,Month charge settling outside month
payment,P-202609-1011,O-202609-0992,2026-09-30T15:08:00,2026-10-01,101.52,3.24,Month charge settling outside month
payment,P-202609-1012,O-202609-0993,2026-09-30T15:37:00,2026-10-01,93.31,3.01,Month charge settling outside month
payment,P-202609-1013,O-202609-0994,2026-09-30T16:15:00,2026-10-01,129.60,4.06,Month charge settling outside month
payment,P-202609-1014,O-202609-0995,2026-09-30T16:59:00,2026-10-01,121.50,3.82,Month charge settling outside month
payment,P-202609-1015,O-202609-0996,2026-09-30T17:24:00,2026-10-01,110.70,3.51,Month charge settling outside month
payment,P-202609-1016,O-202609-0997,2026-09-30T17:36:00,2026-10-01,257.26,7.76,Month charge settling outside month
payment,P-202609-1017,O-202609-0998,2026-09-30T17:37:00,2026-10-01,152.28,4.72,Month charge settling outside month
payment,P-202609-1018,O-202609-0999,2026-09-30T17:40:00,2026-10-01,194.40,5.94,Month charge settling outside month
payment,P-202609-1019,O-202609-1000,2026-09-30T17:57:00,2026-10-01,108.22,3.44,Month charge settling outside month
refund,R-202609-021,O-202609-0724,2026-09-30T12:00:00,2026-10-01,14.58,0.00,"Completed in month, settles later"
refund,R-202609-022,O-202609-0694,2026-09-30T13:00:00,2026-10-01,12.96,0.00,"Completed in month, settles later"
refund,R-202609-023,O-202609-0738,2026-10-01T10:21:00,2026-10-02,11.67,0.00,"Requested in month, completed later"
refund,R-202609-024,O-202609-0787,2026-10-01T10:14:00,2026-10-02,19.44,0.00,"Requested in month, completed later"
