item,contains,may_contain,gluten_free,vegan,notes
Sourdough Loaf,wheat,,no,yes,No separate gluten-free kitchen
Baguette,wheat,,no,yes,No separate gluten-free kitchen
Everything Bagel,"wheat, sesame",,no,yes,No separate gluten-free kitchen
Croissant Box (6),"wheat, milk",tree nuts (almond),no,no,Shared almond mixer and pastry bench; no separate gluten-free kitchen
Cinnamon Roll,"wheat, milk, egg",,no,no,No separate gluten-free kitchen
Blueberry Scone,"wheat, milk, egg, almond",tree nuts (almond),no,no,Contains almond flour; unsuitable for tree nut allergy; shared almond mixer and pastry bench; no separate gluten-free kitchen
Cookie Box (12),"wheat, milk, egg, soy",tree nuts (almond),no,no,Shared almond mixer and pastry bench; no separate gluten-free kitchen
Baker's Dozen Cookies,"wheat, milk, egg, soy",tree nuts (almond),no,no,Shared almond mixer and pastry bench; no separate gluten-free kitchen
Birthday Cake,"wheat, milk, egg",,no,no,No separate gluten-free kitchen
Coffee Beans,,,yes,yes,
Catering Tray,wheat; fillings and pastry selection require confirmation,"milk, egg, soy, sesame, tree nuts",no,no,Confirm exact selection and supplier labels before advising on allergens
