date,expected_cash,counted_cash
2026-09-01,543.24,523.24
2026-09-02,279.99,279.99
2026-09-03,258.66,258.66
2026-09-04,113.94,113.94
2026-09-05,154.98,154.98
2026-09-06,324.54,324.54
2026-09-08,145.80,125.80
2026-09-09,252.18,252.18
2026-09-10,257.85,257.85
2026-09-11,166.05,166.05
2026-09-12,134.19,134.19
2026-09-13,405.54,405.54
2026-09-15,155.52,135.52
2026-09-16,345.33,345.33
2026-09-17,144.01,144.01
2026-09-18,326.16,326.16
2026-09-19,65.07,65.07
2026-09-20,119.07,119.07
2026-09-22,162.54,142.54
2026-09-23,307.26,307.26
2026-09-24,104.22,104.22
2026-09-25,377.19,377.19
2026-09-26,67.50,67.50
2026-09-27,230.58,230.58
2026-09-29,214.38,194.38
2026-09-30,241.11,241.11
