payout_id,date,amount,account,charges,fees,same_day_completed_refunds,processor_unexplained_deduction,bank_deposit,payout_minus_bank
PO-0901,2026-09-01,362.96,...4821,377.19,14.23,0,0.00,362.96,0.00
PO-0902,2026-09-02,573.97,...4821,665.82,23.81,68.04,0.00,573.97,0.00
PO-0903,2026-09-03,634.23,...4821,888.03,30.24,223.56,0.00,634.23,0.00
PO-0904,2026-09-04,679.58,...4821,725.76,26.74,19.44,0.00,679.58,0.00
PO-0905,2026-09-05,792.12,...4821,821.02,28.90,0,0.00,792.12,0.00
PO-0906,2026-09-06,470.96,...4821,543.64,20.84,51.84,0.00,470.96,0.00
PO-0908,2026-09-08,756.35,...4821,783.27,26.92,0,0.00,756.35,0.00
PO-0909,2026-09-09,1040.60,...4821,1077.84,37.24,0,0.00,1040.60,0.00
PO-0910,2026-09-10,700.08,...4821,724.68,24.60,0,0.00,700.08,0.00
PO-0911,2026-09-11,832.08,...4821,861.57,29.49,0,0.00,832.08,0.00
PO-0912,2026-09-12,574.47,...4821,595.35,20.88,0,0.00,0,574.47
PO-0913,2026-09-13,656.04,...4821,679.05,23.01,0,0.00,656.04,0.00
PO-0915,2026-09-15,818.09,...4821,852.12,34.03,0,0.00,783.09,35.00
PO-0916,2026-09-16,491.56,...4821,512.19,20.63,0,0.00,491.56,0.00
PO-0917,2026-09-17,1071.42,...4821,1162.35,45.57,45.36,0.00,1071.42,0.00
PO-0918,2026-09-18,980.65,...4821,1020.87,40.22,0,0.00,980.65,0.00
PO-0919,2026-09-19,688.91,...4821,768.74,32.31,47.52,0.00,688.91,0.00
PO-0920,2026-09-20,883.80,...4821,919.89,36.09,0,0.00,883.80,0.00
PO-0922,2026-09-22,571.48,...4821,799.74,28.28,106.56,93.42,571.48,0.00
PO-0923,2026-09-23,659.24,...4821,833.76,29.26,145.26,0.00,659.24,0.00
PO-0924,2026-09-24,780.42,...4821,808.38,27.96,0,0.00,780.42,0.00
PO-0925,2026-09-25,559.57,...4821,579.69,20.12,0,0.00,559.57,0.00
PO-0926,2026-09-26,680.56,...1170,705.51,24.95,0,0.00,0,680.56
PO-0927,2026-09-27,723.53,...4821,750.06,26.53,0,0.00,723.53,0.00
PO-0929,2026-09-29,775.02,...4821,802.17,27.15,0,0.00,775.02,0.00
PO-0930,2026-09-30,718.62,...1170,744.39,25.77,0,0.00,0,718.62
