date,description,amount
2026-09-01,CARD PROCESSOR PAYOUT PO-0901,2310.31
2026-09-01,CASH DEPOSIT,1038.13
2026-09-01,RENT 12 MAIN ST,-2400.00
2026-09-02,CARD PROCESSOR PAYOUT PO-0902,2619.59
2026-09-02,CASH DEPOSIT,976.59
2026-09-03,CARD PROCESSOR PAYOUT PO-0903,3043.17
2026-09-03,CASH DEPOSIT,997.11
2026-09-04,CARD PROCESSOR PAYOUT PO-0904,3947.09
2026-09-04,CASH DEPOSIT,695.52
2026-09-05,CARD PROCESSOR PAYOUT PO-0905,3297.82
2026-09-05,CASH DEPOSIT,981.99
2026-09-05,PAYMENT VALLEY DAIRY INV-DY-0903,-288.40
2026-09-06,CARD PROCESSOR PAYOUT PO-0906,3006.21
2026-09-06,CASH DEPOSIT,1138.86
2026-09-08,CARD PROCESSOR PAYOUT PO-0908,3269.40
2026-09-08,CASH DEPOSIT,886.39
2026-09-09,CARD PROCESSOR PAYOUT PO-0909,3563.51
2026-09-09,CASH DEPOSIT,684.99
2026-09-10,CARD PROCESSOR PAYOUT PO-0910,3578.53
2026-09-10,CARD PROCESSOR PAYOUT PO-0910,3578.53
2026-09-10,CASH DEPOSIT,906.66
2026-09-10,PAYMENT PRAIRIE FLOUR CO INV-FL-0907,-412.00
2026-09-11,CARD PROCESSOR PAYOUT PO-0911,3169.27
2026-09-11,CASH DEPOSIT,1247.40
2026-09-12,CARD PROCESSOR PAYOUT PO-0912,2643.88
2026-09-12,CASH DEPOSIT,938.25
2026-09-13,CARD PROCESSOR PAYOUT PO-0913,2971.60
2026-09-13,CASH DEPOSIT,927.99
2026-09-14,CARD PROCESSOR PAYOUT PO-0914,6.52
2026-09-14,PAYMENT BOXRIGHT PACKAGING INV-PK-0911,-164.00
2026-09-15,CARD PROCESSOR PAYOUT PO-0915,2892.74
2026-09-15,CASH DEPOSIT,1005.73
2026-09-15,PAYROLL,-6120.00
2026-09-16,CARD PROCESSOR PAYOUT PO-0916,2328.05
2026-09-16,CASH DEPOSIT,1058.40
2026-09-17,CARD PROCESSOR PAYOUT PO-0917,3530.60
2026-09-17,CASH DEPOSIT,871.83
2026-09-18,CARD PROCESSOR PAYOUT PO-0918,3373.36
2026-09-18,CASH DEPOSIT,987.39
2026-09-18,PAYMENT GLOBAL BAKE SUPPLY INV-GB-0918,-286.40
2026-09-19,CARD PROCESSOR PAYOUT PO-0919,3510.35
2026-09-19,CASH DEPOSIT,991.76
2026-09-19,PAYMENT VALLEY DAIRY INV-DY-0917,-301.15
2026-09-20,CARD PROCESSOR PAYOUT PO-0920,3418.80
2026-09-20,CASH DEPOSIT,1315.44
2026-09-22,CARD PROCESSOR PAYOUT PO-0922,2621.46
2026-09-22,CASH DEPOSIT,690.91
2026-09-23,CASH DEPOSIT,916.11
2026-09-24,CASH DEPOSIT,1064.34
2026-09-24,PAYMENT PRAIRIE FLOUR CO INV-FL-0921,-515.00
2026-09-25,CARD PROCESSOR PAYOUT PO-0925,3501.50
2026-09-25,CASH DEPOSIT,730.89
2026-09-26,CARD PROCESSOR PAYOUT PO-0926,2826.23
2026-09-26,CASH DEPOSIT,994.68
2026-09-26,PAYMENT VALLEY DAIRY INV-DY-0924,-284.90
2026-09-27,CARD PROCESSOR PAYOUT PO-0927,3724.44
2026-09-27,CASH DEPOSIT,887.76
2026-09-29,CARD PROCESSOR PAYOUT PO-0929,3822.01
2026-09-29,CASH DEPOSIT,650.14
2026-09-30,CARD PROCESSOR PAYOUT PO-0930,2804.55
2026-09-30,CASH DEPOSIT,407.16
2026-09-30,PAYMENT VALLEY DAIRY INV-DY-0917,-318.60
2026-09-30,PAYROLL,-6120.00
