date,expected_cash,counted_cash,closed_by
2026-09-01,1058.13,1038.13,Lee Chen
2026-09-02,976.59,976.59,Priya Raman
2026-09-03,997.11,997.11,Sam Kowalski
2026-09-04,695.52,695.52,Jamie Ortiz
2026-09-05,981.99,981.99,Priya Raman
2026-09-06,1138.86,1138.86,Sam Kowalski
2026-09-08,906.39,886.39,Lee Chen
2026-09-09,684.99,684.99,Priya Raman
2026-09-10,906.66,906.66,Sam Kowalski
2026-09-11,1247.40,1247.40,Jamie Ortiz
2026-09-12,938.25,938.25,Priya Raman
2026-09-13,927.99,927.99,Sam Kowalski
2026-09-15,1025.73,1005.73,Lee Chen
2026-09-16,1058.40,1058.40,Priya Raman
2026-09-17,871.83,871.83,Jamie Ortiz
2026-09-18,987.39,987.39,Jamie Ortiz
2026-09-19,941.76,991.76,Priya Raman
2026-09-20,1315.44,1315.44,Priya Raman
2026-09-22,710.91,690.91,Lee Chen
2026-09-23,916.11,916.11,Priya Raman
2026-09-24,1064.34,1064.34,Jamie Ortiz
2026-09-25,730.89,730.89,Jamie Ortiz
2026-09-26,994.68,994.68,Priya Raman
2026-09-27,887.76,887.76,Priya Raman
2026-09-29,670.14,650.14,Lee Chen
2026-09-30,407.16,407.16,Priya Raman
