payout_id,date,amount,account
PO-0901,2026-09-01,2310.31,...4821
PO-0902,2026-09-02,2619.59,...4821
PO-0903,2026-09-03,3043.17,...4821
PO-0904,2026-09-04,3947.09,...4821
PO-0905,2026-09-05,3297.82,...4821
PO-0906,2026-09-06,3006.21,...4821
PO-0908,2026-09-08,3269.40,...4821
PO-0909,2026-09-09,3563.51,...4821
PO-0910,2026-09-10,3578.53,...4821
PO-0911,2026-09-11,3169.27,...4821
PO-0912,2026-09-12,2643.88,...4821
PO-0913,2026-09-13,2971.60,...4821
PO-0914,2026-09-14,6.52,...4821
PO-0915,2026-09-15,2892.74,...4821
PO-0916,2026-09-16,2328.05,...4821
PO-0917,2026-09-17,3530.60,...4821
PO-0918,2026-09-18,3373.36,...4821
PO-0919,2026-09-19,3510.35,...4821
PO-0920,2026-09-20,3418.80,...4821
PO-0922,2026-09-22,2621.46,...4821
PO-0923,2026-09-23,2497.20,...1170
PO-0924,2026-09-24,2432.46,...1170
PO-0925,2026-09-25,3501.50,...4821
PO-0926,2026-09-26,2826.23,...4821
PO-0927,2026-09-27,3724.44,...4821
PO-0929,2026-09-29,3822.01,...4821
PO-0930,2026-09-30,2804.55,...4821
