order_id,date,channel,customer_email,items,subtotal,promo_code,discount,tax,total,tender,cash_received
CL-0253,2026-09-16,online,customer149@example.com,1 x Baguette @ 5.00; 1 x Blueberry Scone @ 3.75; 3 x Cookie Box (12) @ 12.00,44.75,,0.00,3.58,48.33,cash,
CL-0254,2026-09-16,online,customer005@example.com,3 x Cookie Box (12) @ 12.00,36.00,,0.00,2.88,38.88,card,
CL-0255,2026-09-16,counter,customer055@example.com,1 x Sourdough Loaf @ 9.00; 1 x Seasonal Pie @ 32.00; 3 x Baguette @ 5.00,56.00,,0.00,4.48,60.48,card,
CL-0256,2026-09-16,online,customer056@example.com,3 x Sourdough Loaf @ 9.00,27.00,,0.00,2.16,29.16,card,
CL-0257,2026-09-16,online,,1 x Cinnamon Roll @ 3.25; 2 x Baguette @ 5.00; 2 x Cookie Box (12) @ 12.00,37.25,,0.00,2.98,40.23,card,
CL-0258,2026-09-16,online,customer016@example.com,1 x Birthday Cake @ 48.00,48.00,,0.00,3.84,51.84,card,
CL-0259,2026-09-16,counter,,1 x Cinnamon Roll @ 3.25; 2 x Coffee Beans @ 18.00; 2 x Baguette @ 5.00,49.25,,0.00,3.94,53.19,card,
CL-0260,2026-09-16,counter,,2 x Sourdough Loaf @ 9.00; 1 x Cinnamon Roll @ 3.25,21.25,,0.00,1.70,22.95,cash,
CL-0261,2026-09-16,counter,customer062@example.com,1 x Birthday Cake @ 48.00,48.00,,0.00,3.84,51.84,cash,
CL-0262,2026-09-16,online,customer048@example.com,2 x Blueberry Scone @ 3.75; 3 x Cinnamon Roll @ 3.25; 3 x Coffee Beans @ 18.00,71.25,,0.00,5.70,76.95,cash,
CL-0263,2026-09-16,counter,customer064@example.com,1 x Seasonal Pie @ 32.00; 1 x Blueberry Scone @ 3.75; 2 x Baguette @ 5.00,45.75,,0.00,3.66,49.41,card,
CL-0264,2026-09-16,online,,2 x Blueberry Scone @ 3.75; 2 x Baguette @ 5.00; 1 x Cinnamon Roll @ 3.25,20.75,,0.00,1.66,22.41,cash,
CL-0265,2026-09-16,counter,customer089@example.com,3 x Croissant Box (6) @ 21.00,63.00,,0.00,5.04,68.04,cash,
CL-0266,2026-09-16,counter,customer128@example.com,3 x Croissant Box (6) @ 21.00; 1 x Seasonal Pie @ 32.00; 1 x Birthday Cake @ 48.00,143.00,,0.00,11.44,154.44,card,
CL-0267,2026-09-16,counter,,1 x Seasonal Pie @ 32.00,32.00,,0.00,2.56,34.56,card,
CL-0268,2026-09-16,counter,customer061@example.com,1 x Sourdough Loaf @ 9.00; 1 x Seasonal Pie @ 32.00; 3 x Cinnamon Roll @ 3.25,50.75,,0.00,4.06,54.81,cash,
CL-0269,2026-09-17,online,,1 x Croissant Box (6) @ 21.00; 1 x Coffee Beans @ 18.00,39.00,,0.00,3.12,42.12,card,
CL-0270,2026-09-17,counter,customer107@example.com,2 x Croissant Box (6) @ 21.00; 2 x Baguette @ 5.00; 1 x Blueberry Scone @ 3.75,55.75,,0.00,4.46,60.21,card,
CL-0271,2026-09-17,counter,,1 x Cookie Box (12) @ 12.00; 1 x Birthday Cake @ 48.00; 3 x Sourdough Loaf @ 9.00,87.00,,0.00,6.96,93.96,card,
CL-0272,2026-09-17,online,,3 x Cookie Box (12) @ 12.00; 2 x Sourdough Loaf @ 9.00,54.00,,0.00,4.32,58.32,cash,
CL-0273,2026-09-17,online,,1 x Seasonal Pie @ 32.00,32.00,,0.00,2.56,34.56,card,
CL-0274,2026-09-17,counter,customer082@example.com,2 x Sourdough Loaf @ 9.00; 3 x Coffee Beans @ 18.00; 2 x Blueberry Scone @ 3.75,79.50,,0.00,6.36,85.86,card,
CL-0275,2026-09-17,counter,,1 x Baguette @ 5.00; 1 x Cinnamon Roll @ 3.25; 1 x Birthday Cake @ 48.00,56.25,,0.00,4.50,60.75,cash,
CL-0276,2026-09-17,online,,3 x Coffee Beans @ 18.00; 2 x Sourdough Loaf @ 9.00; 1 x Birthday Cake @ 48.00,120.00,,0.00,9.60,129.60,card,
CL-0277,2026-09-17,counter,,1 x Cookie Box (12) @ 12.00,12.00,,0.00,0.96,12.96,card,
CL-0278,2026-09-17,counter,,1 x Birthday Cake @ 48.00; 2 x Croissant Box (6) @ 21.00,90.00,,0.00,7.20,97.20,card,
CL-0279,2026-09-17,counter,customer104@example.com,2 x Croissant Box (6) @ 21.00,42.00,,0.00,3.36,45.36,card,
CL-0280,2026-09-17,online,customer038@example.com,2 x Sourdough Loaf @ 9.00,18.00,,0.00,1.44,19.44,cash,
CL-0281,2026-09-17,online,customer144@example.com,1 x Baguette @ 5.00; 2 x Blueberry Scone @ 3.75,12.50,,0.00,1.00,13.50,cash,
CL-0282,2026-09-17,counter,customer006@example.com,1 x Seasonal Pie @ 32.00; 2 x Cookie Box (12) @ 12.00; 3 x Cinnamon Roll @ 3.25,65.75,,0.00,5.26,71.01,card,
CL-0283,2026-09-17,counter,customer082@example.com,1 x Seasonal Pie @ 32.00; 3 x Sourdough Loaf @ 9.00,59.00,,0.00,4.72,63.72,card,
CL-0284,2026-09-17,counter,customer153@example.com,1 x Blueberry Scone @ 3.75; 1 x Seasonal Pie @ 32.00; 3 x Baguette @ 5.00,50.75,,0.00,4.06,54.81,card,
CL-0285,2026-09-17,counter,customer151@example.com,1 x Seasonal Pie @ 32.00,32.00,,0.00,2.56,34.56,card,
CL-0286,2026-09-17,counter,customer137@example.com,1 x Birthday Cake @ 48.00; 2 x Cinnamon Roll @ 3.25; 1 x Croissant Box (6) @ 21.00,75.50,,0.00,6.04,81.54,card,
CL-0287,2026-09-17,counter,,2 x Sourdough Loaf @ 9.00; 3 x Cookie Box (12) @ 12.00; 1 x Birthday Cake @ 48.00,102.00,,0.00,8.16,110.16,card,
CL-0288,2026-09-17,counter,,3 x Croissant Box (6) @ 21.00; 2 x Coffee Beans @ 18.00,99.00,,0.00,7.92,106.92,card,
CL-0289,2026-09-18,counter,customer151@example.com,2 x Cookie Box (12) @ 12.00,24.00,,0.00,1.92,25.92,cash,
CL-0290,2026-09-18,counter,,3 x Blueberry Scone @ 3.75; 1 x Birthday Cake @ 48.00,59.25,,0.00,4.74,63.99,cash,
CL-0291,2026-09-18,online,customer142@example.com,1 x Seasonal Pie @ 32.00; 3 x Croissant Box (6) @ 21.00,95.00,,0.00,7.60,102.60,cash,
CL-0292,2026-09-18,counter,customer024@example.com,1 x Birthday Cake @ 48.00; 1 x Cookie Box (12) @ 12.00; 1 x Cinnamon Roll @ 3.25,63.25,,0.00,5.06,68.31,card,
CL-0293,2026-09-18,counter,customer043@example.com,2 x Croissant Box (6) @ 21.00; 1 x Birthday Cake @ 48.00; 2 x Cinnamon Roll @ 3.25,96.50,,0.00,7.72,104.22,card,
CL-0294,2026-09-18,online,,3 x Cookie Box (12) @ 12.00; 2 x Sourdough Loaf @ 9.00; 3 x Blueberry Scone @ 3.75,65.25,,0.00,5.22,70.47,card,
CL-0295,2026-09-18,online,,1 x Blueberry Scone @ 3.75,3.75,,0.00,0.30,4.05,cash,
CL-0296,2026-09-18,counter,customer081@example.com,3 x Blueberry Scone @ 3.75; 3 x Cinnamon Roll @ 3.25; 3 x Sourdough Loaf @ 9.00,48.00,,0.00,3.84,51.84,card,
CL-0297,2026-09-18,counter,customer124@example.com,2 x Coffee Beans @ 18.00; 3 x Cookie Box (12) @ 12.00; 1 x Birthday Cake @ 48.00,120.00,,0.00,9.60,129.60,cash,
CL-0298,2026-09-18,counter,customer158@example.com,3 x Coffee Beans @ 18.00; 3 x Blueberry Scone @ 3.75; 2 x Sourdough Loaf @ 9.00,83.25,,0.00,6.66,89.91,card,
CL-0299,2026-09-18,online,customer033@example.com,1 x Croissant Box (6) @ 21.00; 3 x Baguette @ 5.00; 1 x Seasonal Pie @ 32.00,68.00,,0.00,5.44,73.44,card,
CL-0300,2026-09-18,online,,2 x Blueberry Scone @ 3.75,7.50,,0.00,0.60,8.10,card,
CL-0301,2026-09-18,counter,customer097@example.com,1 x Seasonal Pie @ 32.00; 3 x Cookie Box (12) @ 12.00; 3 x Croissant Box (6) @ 21.00,131.00,,0.00,10.48,141.48,card,
CL-0302,2026-09-18,counter,customer058@example.com,1 x Baguette @ 5.00; 1 x Cookie Box (12) @ 12.00,17.00,,0.00,1.36,18.36,card,
CL-0303,2026-09-18,online,,1 x Seasonal Pie @ 32.00; 1 x Croissant Box (6) @ 21.00,53.00,,0.00,4.24,57.24,card,
CL-0304,2026-09-18,counter,,2 x Cookie Box (12) @ 12.00,24.00,,0.00,1.92,25.92,card,
CL-0305,2026-09-18,online,customer159@example.com,2 x Blueberry Scone @ 3.75,7.50,,0.00,0.60,8.10,card,
CL-0306,2026-09-18,online,,3 x Coffee Beans @ 18.00; 3 x Croissant Box (6) @ 21.00,117.00,,0.00,9.36,126.36,card,
CL-0307,2026-09-18,counter,customer013@example.com,2 x Cookie Box (12) @ 12.00; 2 x Coffee Beans @ 18.00,60.00,,0.00,4.80,64.80,card,
CL-0308,2026-09-18,online,,1 x Seasonal Pie @ 32.00; 2 x Cookie Box (12) @ 12.00; 1 x Birthday Cake @ 48.00,104.00,,0.00,8.32,112.32,card,
CL-0309,2026-09-19,counter,customer001@example.com,1 x Birthday Cake @ 48.00,48.00,FALL15,7.20,3.26,44.06,card,
CL-0310,2026-09-19,counter,,1 x Sourdough Loaf @ 9.00,9.00,,0.00,0.72,9.72,cash,
CL-0311,2026-09-19,counter,,2 x Croissant Box (6) @ 21.00,42.00,,0.00,3.36,45.36,card,
CL-0312,2026-09-19,online,customer056@example.com,1 x Coffee Beans @ 18.00,18.00,,0.00,1.44,19.44,card,
CL-0313,2026-09-19,counter,customer090@example.com,1 x Cinnamon Roll @ 3.25,3.25,,0.00,0.26,3.51,cash,
CL-0314,2026-09-19,counter,,1 x Seasonal Pie @ 32.00,32.00,,0.00,2.56,34.56,card,
CL-0315,2026-09-19,counter,customer145@example.com,1 x Seasonal Pie @ 32.00,32.00,,0.00,2.56,34.56,card,
CL-0316,2026-09-19,counter,customer044@example.com,3 x Cinnamon Roll @ 3.25; 3 x Baguette @ 5.00,24.75,,0.00,1.98,26.73,card,
CL-0317,2026-09-19,online,customer104@example.com,1 x Cinnamon Roll @ 3.25; 1 x Cookie Box (12) @ 12.00,15.25,,0.00,1.22,16.47,card,
CL-0318,2026-09-19,online,customer129@example.com,3 x Blueberry Scone @ 3.75; 1 x Seasonal Pie @ 32.00; 1 x Birthday Cake @ 48.00,91.25,,0.00,7.30,98.55,card,
CL-0319,2026-09-19,counter,,1 x Birthday Cake @ 48.00,48.00,,0.00,3.84,51.84,cash,
CL-0320,2026-09-19,counter,,1 x Baguette @ 5.00; 1 x Croissant Box (6) @ 21.00; 2 x Sourdough Loaf @ 9.00,44.00,,0.00,3.52,47.52,card,
CL-0321,2026-09-19,online,,3 x Coffee Beans @ 18.00,54.00,,0.00,4.32,58.32,card,
CL-0322,2026-09-19,counter,customer109@example.com,2 x Croissant Box (6) @ 21.00; 1 x Baguette @ 5.00; 1 x Coffee Beans @ 18.00,65.00,,0.00,5.20,70.20,card,
CL-0323,2026-09-19,counter,,1 x Cinnamon Roll @ 3.25; 3 x Cookie Box (12) @ 12.00,39.25,,0.00,3.14,42.39,card,
CL-0324,2026-09-19,counter,,2 x Sourdough Loaf @ 9.00,18.00,,0.00,1.44,19.44,card,
CL-0325,2026-09-19,online,customer149@example.com,1 x Croissant Box (6) @ 21.00; 1 x Birthday Cake @ 48.00; 2 x Coffee Beans @ 18.00,105.00,,0.00,8.40,113.40,card,
CL-0326,2026-09-19,online,,1 x Baguette @ 5.00,5.00,,0.00,0.40,5.40,card,
CL-0327,2026-09-19,online,customer018@example.com,2 x Coffee Beans @ 18.00,36.00,,0.00,2.88,38.88,card,
CL-0328,2026-09-19,counter,customer083@example.com,2 x Blueberry Scone @ 3.75,7.50,,0.00,0.60,8.10,card,
CL-0329,2026-09-19,counter,customer135@example.com,2 x Croissant Box (6) @ 21.00,42.00,,0.00,3.36,45.36,card,
CL-0330,2026-09-20,counter,customer025@example.com,1 x Seasonal Pie @ 32.00,32.00,,0.00,2.56,34.56,card,
CL-0331,2026-09-20,counter,customer063@example.com,1 x Seasonal Pie @ 32.00; 2 x Cinnamon Roll @ 3.25; 1 x Birthday Cake @ 48.00,86.50,,0.00,6.92,93.42,card,
CL-0332,2026-09-20,counter,customer137@example.com,1 x Seasonal Pie @ 32.00; 2 x Coffee Beans @ 18.00; 3 x Blueberry Scone @ 3.75,79.25,,0.00,6.34,85.59,card,
CL-0333,2026-09-20,counter,,1 x Baguette @ 5.00; 1 x Seasonal Pie @ 32.00; 1 x Coffee Beans @ 18.00,55.00,,0.00,4.40,59.40,cash,
CL-0334,2026-09-20,counter,customer089@example.com,3 x Sourdough Loaf @ 9.00; 1 x Cookie Box (12) @ 12.00; 1 x Birthday Cake @ 48.00,87.00,,0.00,6.96,93.96,card,
CL-0335,2026-09-20,online,,1 x Croissant Box (6) @ 21.00; 1 x Baguette @ 5.00,26.00,,0.00,2.08,28.08,card,
CL-0336,2026-09-20,counter,,1 x Birthday Cake @ 48.00,48.00,,0.00,3.84,51.84,card,
CL-0337,2026-09-20,counter,,1 x Seasonal Pie @ 32.00; 3 x Coffee Beans @ 16.50,81.50,,0.00,6.52,88.02,card,
CL-0338,2026-09-20,online,customer137@example.com,1 x Birthday Cake @ 48.00,48.00,,0.00,3.84,51.84,card,
CL-0339,2026-09-20,counter,,3 x Blueberry Scone @ 3.75; 1 x Cookie Box (12) @ 12.00; 1 x Birthday Cake @ 48.00,71.25,,0.00,5.70,76.95,card,
CL-0340,2026-09-20,counter,customer028@example.com,1 x Seasonal Pie @ 32.00; 3 x Baguette @ 5.00; 1 x Croissant Box (6) @ 21.00,68.00,,0.00,5.44,73.44,card,
CL-0341,2026-09-20,counter,customer106@example.com,2 x Croissant Box (6) @ 21.00; 3 x Sourdough Loaf @ 9.00; 1 x Cookie Box (12) @ 12.00,81.00,,0.00,6.48,87.48,card,
CL-0342,2026-09-20,counter,,1 x Cinnamon Roll @ 3.25; 1 x Sourdough Loaf @ 9.00,12.25,,0.00,0.98,13.23,cash,
CL-0343,2026-09-20,counter,customer030@example.com,2 x Croissant Box (6) @ 21.00; 3 x Cinnamon Roll @ 3.25,51.75,,0.00,4.14,55.89,card,
CL-0344,2026-09-20,online,customer019@example.com,3 x Coffee Beans @ 16.50; 2 x Cookie Box (12) @ 12.00; 2 x Sourdough Loaf @ 9.00,91.50,,0.00,7.32,98.82,card,
CL-0345,2026-09-20,online,,1 x Coffee Beans @ 16.50; 2 x Baguette @ 5.00,26.50,,0.00,2.12,28.62,cash,
CL-0346,2026-09-20,counter,customer158@example.com,2 x Sourdough Loaf @ 9.00,18.00,,0.00,1.44,19.44,cash,
CL-0347,2026-09-22,counter,,2 x Blueberry Scone @ 3.75,7.50,,0.00,0.60,8.10,card,
CL-0348,2026-09-22,counter,customer060@example.com,2 x Baguette @ 5.00; 3 x Blueberry Scone @ 3.75; 1 x Birthday Cake @ 48.00,69.25,,0.00,5.54,74.79,card,
CL-0349,2026-09-22,counter,,2 x Croissant Box (6) @ 21.00; 1 x Cookie Box (12) @ 12.00; 1 x Seasonal Pie @ 32.00,86.00,,0.00,6.88,92.88,cash,
CL-0350,2026-09-22,online,customer107@example.com,2 x Cookie Box (12) @ 12.00; 3 x Coffee Beans @ 16.50,73.50,,0.00,5.88,79.38,card,
CL-0351,2026-09-22,online,,1 x Blueberry Scone @ 3.75; 1 x Sourdough Loaf @ 9.00,12.75,,0.00,1.02,13.77,card,
CL-0352,2026-09-22,counter,customer157@example.com,1 x Birthday Cake @ 48.00; 3 x Cookie Box (12) @ 12.00,84.00,,0.00,6.72,90.72,card,
CL-0353,2026-09-22,counter,customer020@example.com,3 x Sourdough Loaf @ 9.00; 1 x Birthday Cake @ 48.00,75.00,,0.00,6.00,81.00,card,
CL-0354,2026-09-22,counter,customer027@example.com,1 x Cinnamon Roll @ 3.25,3.25,,0.00,0.26,3.51,card,
CL-0355,2026-09-22,online,customer066@example.com,2 x Coffee Beans @ 16.50; 3 x Blueberry Scone @ 3.75,44.25,,0.00,3.54,47.79,card,
CL-0356,2026-09-22,counter,customer096@example.com,3 x Coffee Beans @ 16.50; 3 x Baguette @ 5.00,64.50,,0.00,5.16,69.66,cash,
CL-0357,2026-09-22,counter,,2 x Blueberry Scone @ 3.75; 3 x Coffee Beans @ 16.50,57.00,,0.00,4.56,61.56,card,
CL-0358,2026-09-22,online,,2 x Cookie Box (12) @ 12.00,24.00,,0.00,1.92,25.92,card,
CL-0359,2026-09-22,online,,1 x Birthday Cake @ 48.00,48.00,,0.00,3.84,51.84,card,
CL-0360,2026-09-22,counter,customer064@example.com,1 x Cinnamon Roll @ 3.25; 3 x Croissant Box (6) @ 21.00,66.25,,0.00,5.30,71.55,card,
CL-0361,2026-09-22,online,,1 x Cookie Box (12) @ 12.00; 2 x Coffee Beans @ 16.50,45.00,,0.00,3.60,48.60,card,
CL-0362,2026-09-22,counter,customer020@example.com,1 x Seasonal Pie @ 32.00,32.00,,0.00,2.56,34.56,card,
CL-0363,2026-09-22,online,customer107@example.com,3 x Cookie Box (12) @ 12.00; 3 x Baguette @ 5.00,51.00,,0.00,4.08,55.08,card,
CL-0364,2026-09-22,counter,customer034@example.com,1 x Cookie Box (12) @ 12.00; 1 x Blueberry Scone @ 3.75,15.75,,0.00,1.26,17.01,card,
CL-0365,2026-09-23,counter,customer077@example.com,1 x Birthday Cake @ 48.00,48.00,,0.00,3.84,51.84,card,
CL-0366,2026-09-23,counter,customer125@example.com,1 x Cookie Box (12) @ 12.00,12.00,,0.00,0.96,12.96,card,
CL-0367,2026-09-23,online,customer018@example.com,3 x Coffee Beans @ 16.50,49.50,,0.00,3.96,53.46,card,
CL-0368,2026-09-23,counter,customer053@example.com,1 x Coffee Beans @ 16.50,16.50,,0.00,1.32,17.82,card,
CL-0369,2026-09-23,online,customer023@example.com,1 x Seasonal Pie @ 32.00; 2 x Cinnamon Roll @ 3.25; 3 x Baguette @ 5.00,53.50,,0.00,4.28,57.78,cash,
CL-0370,2026-09-23,counter,customer157@example.com,1 x Birthday Cake @ 48.00; 1 x Seasonal Pie @ 32.00; 1 x Blueberry Scone @ 3.75,83.75,,0.00,6.70,90.45,card,
CL-0371,2026-09-23,counter,,1 x Blueberry Scone @ 3.75,3.75,,0.00,0.30,4.05,card,
CL-0372,2026-09-23,counter,customer068@example.com,1 x Seasonal Pie @ 32.00; 2 x Sourdough Loaf @ 9.00; 1 x Cookie Box (12) @ 12.00,62.00,,0.00,4.96,66.96,card,
CL-0373,2026-09-23,online,customer004@example.com,3 x Croissant Box (6) @ 21.00; 1 x Seasonal Pie @ 32.00; 1 x Blueberry Scone @ 3.75,98.75,,0.00,7.90,106.65,card,
CL-0374,2026-09-23,counter,customer035@example.com,2 x Coffee Beans @ 16.50; 3 x Croissant Box (6) @ 21.00; 2 x Blueberry Scone @ 3.75,103.50,,0.00,8.28,111.78,card,
CL-0375,2026-09-23,counter,customer044@example.com,1 x Baguette @ 5.00,5.00,,0.00,0.40,5.40,card,
CL-0376,2026-09-23,online,,3 x Coffee Beans @ 16.50; 3 x Croissant Box (6) @ 21.00,112.50,,0.00,9.00,121.50,card,
CL-0377,2026-09-23,counter,customer094@example.com,3 x Coffee Beans @ 16.50; 1 x Cookie Box (12) @ 12.00; 2 x Cinnamon Roll @ 3.25,68.00,,0.00,5.44,73.44,cash,
CL-0378,2026-09-23,online,,2 x Sourdough Loaf @ 9.00; 3 x Croissant Box (6) @ 21.00; 1 x Seasonal Pie @ 32.00,113.00,,0.00,9.04,122.04,cash,
CL-0379,2026-09-23,online,,2 x Baguette @ 5.00,10.00,,0.00,0.80,10.80,card,
CL-0380,2026-09-23,counter,customer022@example.com,1 x Seasonal Pie @ 32.00,32.00,,0.00,2.56,34.56,card,
CL-0381,2026-09-23,online,customer139@example.com,1 x Seasonal Pie @ 32.00; 3 x Blueberry Scone @ 3.75,43.25,,0.00,3.46,46.71,card,
CL-0382,2026-09-23,counter,,1 x Sourdough Loaf @ 9.00,9.00,,0.00,0.72,9.72,card,
CL-0383,2026-09-23,counter,,2 x Sourdough Loaf @ 9.00,18.00,,0.00,1.44,19.44,cash,
CL-0384,2026-09-23,counter,customer141@example.com,2 x Blueberry Scone @ 3.75,7.50,,0.00,0.60,8.10,card,
CL-0385,2026-09-23,online,,2 x Coffee Beans @ 16.50; 2 x Croissant Box (6) @ 21.00,75.00,,0.00,6.00,81.00,card,
CL-0386,2026-09-23,online,,1 x Seasonal Pie @ 32.00,32.00,,0.00,2.56,34.56,cash,
CL-0387,2026-09-24,counter,,2 x Cinnamon Roll @ 3.25; 3 x Coffee Beans @ 16.50; 1 x Blueberry Scone @ 3.75,59.75,,0.00,4.78,64.53,card,
CL-0388,2026-09-24,counter,customer029@example.com,1 x Birthday Cake @ 48.00,48.00,,0.00,3.84,51.84,card,
CL-0389,2026-09-24,counter,customer083@example.com,2 x Blueberry Scone @ 3.75; 1 x Seasonal Pie @ 32.00; 3 x Coffee Beans @ 16.50,89.00,,0.00,7.12,96.12,card,
CL-0390,2026-09-24,counter,customer086@example.com,2 x Cinnamon Roll @ 3.25; 2 x Cookie Box (12) @ 12.00,30.50,,0.00,2.44,32.94,card,
CL-0391,2026-09-24,counter,customer140@example.com,3 x Coffee Beans @ 16.50; 1 x Blueberry Scone @ 3.75,53.25,,0.00,4.26,57.51,card,
CL-0392,2026-09-24,counter,customer013@example.com,1 x Seasonal Pie @ 32.00; 1 x Cinnamon Roll @ 3.25,35.25,,0.00,2.82,38.07,card,
CL-0393,2026-09-24,online,,3 x Coffee Beans @ 16.50; 2 x Croissant Box (6) @ 21.00,91.50,,0.00,7.32,98.82,card,
CL-0394,2026-09-24,counter,customer130@example.com,1 x Coffee Beans @ 16.50,16.50,,0.00,1.32,17.82,card,
CL-0395,2026-09-24,counter,customer036@example.com,1 x Cookie Box (12) @ 12.00,12.00,,0.00,0.96,12.96,card,
CL-0396,2026-09-24,counter,,3 x Coffee Beans @ 16.50; 2 x Croissant Box (6) @ 21.00; 1 x Seasonal Pie @ 32.00,123.50,,0.00,9.88,133.38,card,
CL-0397,2026-09-24,counter,customer137@example.com,3 x Cinnamon Roll @ 3.25,9.75,,0.00,0.78,10.53,card,
CL-0398,2026-09-24,counter,,1 x Seasonal Pie @ 32.00; 1 x Cookie Box (12) @ 12.00; 1 x Sourdough Loaf @ 9.00,53.00,,0.00,4.24,57.24,card,
CL-0399,2026-09-24,online,customer109@example.com,2 x Cinnamon Roll @ 3.25,6.50,,0.00,0.52,7.02,card,
CL-0400,2026-09-24,counter,,1 x Birthday Cake @ 48.00; 1 x Sourdough Loaf @ 9.00,57.00,,0.00,4.56,61.56,card,
CL-0401,2026-09-24,counter,,3 x Sourdough Loaf @ 9.00; 3 x Croissant Box (6) @ 21.00; 2 x Cinnamon Roll @ 3.25,96.50,,0.00,7.72,104.22,cash,
CL-0402,2026-09-24,online,customer113@example.com,3 x Baguette @ 5.00; 1 x Birthday Cake @ 48.00,63.00,,0.00,5.04,68.04,card,
CL-0403,2026-09-25,counter,,2 x Cinnamon Roll @ 3.25; 1 x Cookie Box (12) @ 12.00,18.50,,0.00,1.48,19.98,card,
CL-0404,2026-09-25,counter,customer153@example.com,3 x Baguette @ 5.00; 3 x Blueberry Scone @ 3.75,26.25,,0.00,2.10,28.35,cash,
CL-0405,2026-09-25,counter,customer139@example.com,3 x Cookie Box (12) @ 12.00; 1 x Croissant Box (6) @ 21.00; 2 x Blueberry Scone @ 3.75,64.50,,0.00,5.16,69.66,cash,
CL-0406,2026-09-25,counter,,2 x Sourdough Loaf @ 9.00,18.00,,0.00,1.44,19.44,card,
CL-0407,2026-09-25,counter,customer118@example.com,1 x Seasonal Pie @ 32.00; 3 x Coffee Beans @ 16.50; 3 x Cinnamon Roll @ 3.25,91.25,,0.00,7.30,98.55,card,
CL-0408,2026-09-25,counter,,1 x Croissant Box (6) @ 21.00; 3 x Blueberry Scone @ 3.75; 1 x Sourdough Loaf @ 9.00,41.25,,0.00,3.30,44.55,card,
CL-0409,2026-09-25,counter,,2 x Croissant Box (6) @ 21.00; 3 x Coffee Beans @ 16.50; 1 x Seasonal Pie @ 32.00,123.50,,0.00,9.88,133.38,cash,
CL-0410,2026-09-25,counter,customer159@example.com,2 x Blueberry Scone @ 3.75; 2 x Croissant Box (6) @ 21.00; 3 x Cookie Box (12) @ 12.00,85.50,,0.00,6.84,92.34,cash,
CL-0411,2026-09-25,counter,customer155@example.com,1 x Seasonal Pie @ 32.00,32.00,,0.00,2.56,34.56,card,
CL-0412,2026-09-25,online,customer071@example.com,3 x Blueberry Scone @ 3.75; 1 x Birthday Cake @ 48.00,59.25,,0.00,4.74,63.99,card,
CL-0413,2026-09-25,counter,,2 x Baguette @ 5.00; 3 x Blueberry Scone @ 3.75; 3 x Cookie Box (12) @ 12.00,57.25,,0.00,4.58,61.83,card,
CL-0414,2026-09-25,counter,,3 x Coffee Beans @ 16.50,49.50,,0.00,3.96,53.46,cash,
CL-0415,2026-09-25,counter,customer133@example.com,1 x Seasonal Pie @ 32.00; 1 x Baguette @ 5.00,37.00,,0.00,2.96,39.96,card,
CL-0416,2026-09-25,online,customer070@example.com,2 x Croissant Box (6) @ 21.00; 1 x Birthday Cake @ 48.00; 3 x Cookie Box (12) @ 12.00,126.00,,0.00,10.08,136.08,card,
CL-0417,2026-09-25,counter,,1 x Cookie Box (12) @ 12.00; 2 x Blueberry Scone @ 3.75; 3 x Sourdough Loaf @ 9.00,46.50,,0.00,3.72,50.22,card,
CL-0418,2026-09-25,online,customer047@example.com,3 x Cinnamon Roll @ 3.25,9.75,,0.00,0.78,10.53,card,
CL-0419,2026-09-26,counter,customer141@example.com,1 x Baguette @ 5.00; 1 x Birthday Cake @ 48.00,53.00,,0.00,4.24,57.24,card,
CL-0420,2026-09-26,online,customer100@example.com,1 x Sourdough Loaf @ 9.00,9.00,,0.00,0.72,9.72,card,
CL-0421,2026-09-26,counter,customer101@example.com,1 x Birthday Cake @ 48.00,48.00,,0.00,3.84,51.84,card,
CL-0422,2026-09-26,counter,customer018@example.com,1 x Baguette @ 5.00,5.00,,0.00,0.40,5.40,card,
CL-0423,2026-09-26,online,customer095@example.com,1 x Birthday Cake @ 48.00,48.00,,0.00,3.84,51.84,card,
CL-0424,2026-09-26,counter,,2 x Cookie Box (12) @ 12.00,24.00,,0.00,1.92,25.92,card,
CL-0425,2026-09-26,counter,,1 x Birthday Cake @ 48.00,48.00,,0.00,3.84,51.84,card,
CL-0426,2026-09-26,online,customer044@example.com,1 x Birthday Cake @ 48.00; 3 x Sourdough Loaf @ 9.00,75.00,,0.00,6.00,81.00,card,
CL-0427,2026-09-26,counter,,2 x Croissant Box (6) @ 21.00; 3 x Baguette @ 5.00; 1 x Sourdough Loaf @ 9.00,66.00,,0.00,5.28,71.28,card,
CL-0428,2026-09-26,counter,customer038@example.com,2 x Blueberry Scone @ 3.75; 1 x Seasonal Pie @ 32.00,39.50,,0.00,3.16,42.66,card,
CL-0429,2026-09-26,counter,customer066@example.com,1 x Croissant Box (6) @ 21.00; 3 x Baguette @ 5.00,36.00,,0.00,2.88,38.88,card,
CL-0430,2026-09-26,counter,customer105@example.com,2 x Baguette @ 5.00; 1 x Birthday Cake @ 48.00; 1 x Cookie Box (12) @ 12.00,70.00,,0.00,5.60,75.60,card,
CL-0431,2026-09-26,counter,customer038@example.com,1 x Blueberry Scone @ 3.75; 3 x Baguette @ 5.00; 1 x Birthday Cake @ 48.00,66.75,,0.00,5.34,72.09,card,
CL-0432,2026-09-26,online,,2 x Cinnamon Roll @ 3.25; 3 x Baguette @ 5.00,21.50,,0.00,1.72,23.22,card,
CL-0433,2026-09-26,counter,,1 x Cookie Box (12) @ 12.00; 3 x Baguette @ 5.00; 1 x Coffee Beans @ 16.50,43.50,,0.00,3.48,46.98,card,
CL-0434,2026-09-26,counter,,2 x Cookie Box (12) @ 12.00; 1 x Seasonal Pie @ 32.00; 2 x Cinnamon Roll @ 3.25,62.50,,0.00,5.00,67.50,cash,
CL-0435,2026-09-27,counter,customer062@example.com,1 x Birthday Cake @ 48.00,48.00,,0.00,3.84,51.84,card,
CL-0436,2026-09-27,counter,,1 x Cinnamon Roll @ 3.25,3.25,,0.00,0.26,3.51,card,
CL-0437,2026-09-27,online,,1 x Sourdough Loaf @ 9.00,9.00,,0.00,0.72,9.72,card,
CL-0438,2026-09-27,online,,3 x Sourdough Loaf @ 9.00; 1 x Blueberry Scone @ 3.75; 1 x Coffee Beans @ 16.50,47.25,,0.00,3.78,51.03,card,
CL-0439,2026-09-27,online,,3 x Coffee Beans @ 16.50; 1 x Baguette @ 5.00; 2 x Cookie Box (12) @ 12.00,78.50,,0.00,6.28,84.78,card,
CL-0440,2026-09-27,counter,,1 x Croissant Box (6) @ 21.00; 1 x Seasonal Pie @ 32.00,53.00,,0.00,4.24,57.24,card,
CL-0441,2026-09-27,counter,customer133@example.com,1 x Birthday Cake @ 48.00,48.00,,0.00,3.84,51.84,cash,
CL-0442,2026-09-27,counter,customer117@example.com,2 x Cinnamon Roll @ 3.25; 1 x Coffee Beans @ 16.50,23.00,,0.00,1.84,24.84,card,
CL-0443,2026-09-27,counter,customer063@example.com,1 x Birthday Cake @ 48.00,48.00,,0.00,3.84,51.84,card,
CL-0444,2026-09-27,counter,customer050@example.com,3 x Sourdough Loaf @ 9.00; 1 x Croissant Box (6) @ 21.00; 2 x Cinnamon Roll @ 3.25,54.50,,0.00,4.36,58.86,cash,
CL-0445,2026-09-27,counter,,3 x Cinnamon Roll @ 3.25,9.75,,0.00,0.78,10.53,card,
CL-0446,2026-09-27,counter,,2 x Sourdough Loaf @ 9.00; 2 x Coffee Beans @ 16.50; 1 x Seasonal Pie @ 32.00,83.00,,0.00,6.64,89.64,card,
CL-0447,2026-09-27,counter,customer018@example.com,1 x Seasonal Pie @ 32.00; 1 x Sourdough Loaf @ 9.00,41.00,,0.00,3.28,44.28,card,
CL-0448,2026-09-27,counter,customer042@example.com,3 x Croissant Box (6) @ 21.00,63.00,,0.00,5.04,68.04,cash,
CL-0449,2026-09-27,online,,1 x Sourdough Loaf @ 9.00,9.00,,0.00,0.72,9.72,card,
CL-0450,2026-09-27,counter,,2 x Sourdough Loaf @ 9.00; 1 x Birthday Cake @ 48.00; 3 x Cookie Box (12) @ 12.00,102.00,,0.00,8.16,110.16,card,
CL-0451,2026-09-27,counter,customer012@example.com,1 x Birthday Cake @ 48.00,48.00,,0.00,3.84,51.84,cash,
CL-0452,2026-09-27,counter,,1 x Croissant Box (6) @ 21.00; 1 x Cinnamon Roll @ 3.25; 2 x Sourdough Loaf @ 9.00,42.25,,0.00,3.38,45.63,card,
CL-0453,2026-09-27,counter,,1 x Birthday Cake @ 48.00,48.00,,0.00,3.84,51.84,card,
CL-0454,2026-09-27,counter,,3 x Coffee Beans @ 16.50,49.50,,0.00,3.96,53.46,card,
CL-0455,2026-09-29,online,customer067@example.com,3 x Sourdough Loaf @ 9.00; 3 x Croissant Box (6) @ 21.00,90.00,,0.00,7.20,97.20,card,
CL-0456,2026-09-29,online,,1 x Coffee Beans @ 16.50; 2 x Croissant Box (6) @ 21.00,58.50,,0.00,4.68,63.18,card,
CL-0457,2026-09-29,online,customer086@example.com,3 x Cinnamon Roll @ 3.25; 1 x Birthday Cake @ 48.00,57.75,,0.00,4.62,62.37,cash,
CL-0458,2026-09-29,counter,customer004@example.com,2 x Coffee Beans @ 16.50; 1 x Croissant Box (6) @ 21.00; 1 x Birthday Cake @ 48.00,102.00,,0.00,8.16,110.16,card,
CL-0459,2026-09-29,counter,customer051@example.com,1 x Cinnamon Roll @ 3.25; 3 x Cookie Box (12) @ 12.00,39.25,,0.00,3.14,42.39,card,
CL-0460,2026-09-29,counter,customer116@example.com,3 x Coffee Beans @ 16.50,49.50,,0.00,3.96,53.46,card,
CL-0461,2026-09-29,counter,,3 x Coffee Beans @ 16.50; 1 x Birthday Cake @ 48.00; 1 x Blueberry Scone @ 3.75,101.25,,0.00,8.10,109.35,cash,
CL-0462,2026-09-29,counter,customer045@example.com,3 x Sourdough Loaf @ 9.00; 3 x Cinnamon Roll @ 3.25; 1 x Birthday Cake @ 48.00,84.75,,0.00,6.78,91.53,card,
CL-0463,2026-09-29,online,customer096@example.com,1 x Baguette @ 5.00; 1 x Cookie Box (12) @ 12.00,17.00,,0.00,1.36,18.36,card,
CL-0464,2026-09-29,online,customer121@example.com,2 x Blueberry Scone @ 3.75; 1 x Baguette @ 5.00; 1 x Cookie Box (12) @ 12.00,24.50,,0.00,1.96,26.46,card,
CL-0465,2026-09-29,online,customer075@example.com,1 x Seasonal Pie @ 32.00,32.00,,0.00,2.56,34.56,card,
CL-0466,2026-09-29,counter,,3 x Croissant Box (6) @ 21.00; 2 x Sourdough Loaf @ 9.00; 1 x Seasonal Pie @ 32.00,113.00,,0.00,9.04,122.04,card,
CL-0467,2026-09-29,counter,customer091@example.com,1 x Seasonal Pie @ 32.00; 2 x Blueberry Scone @ 3.75,39.50,,0.00,3.16,42.66,cash,
CL-0468,2026-09-29,counter,customer147@example.com,2 x Cookie Box (12) @ 12.00; 1 x Baguette @ 5.00,29.00,,0.00,2.32,31.32,card,
CL-0469,2026-09-29,counter,,3 x Blueberry Scone @ 3.75; 1 x Coffee Beans @ 16.50,27.75,,0.00,2.22,29.97,card,
CL-0470,2026-09-29,counter,customer129@example.com,1 x Seasonal Pie @ 32.00; 1 x Coffee Beans @ 16.50; 3 x Sourdough Loaf @ 9.00,75.50,,0.00,6.04,81.54,card,
CL-0471,2026-09-30,online,customer125@example.com,1 x Blueberry Scone @ 3.75; 1 x Coffee Beans @ 16.50,20.25,,0.00,1.62,21.87,card,
CL-0472,2026-09-30,counter,customer120@example.com,3 x Cookie Box (12) @ 12.00,36.00,,0.00,2.88,38.88,cash,
CL-0473,2026-09-30,online,customer154@example.com,1 x Baguette @ 5.00; 1 x Birthday Cake @ 48.00,53.00,,0.00,4.24,57.24,card,
CL-0474,2026-09-30,counter,customer064@example.com,1 x Blueberry Scone @ 3.75; 3 x Coffee Beans @ 16.50; 1 x Seasonal Pie @ 32.00,85.25,,0.00,6.82,92.07,card,
CL-0475,2026-09-30,counter,,1 x Coffee Beans @ 16.50,16.50,,0.00,1.32,17.82,card,
CL-0476,2026-09-30,counter,,2 x Sourdough Loaf @ 9.00; 1 x Seasonal Pie @ 32.00,50.00,,0.00,4.00,54.00,card,
CL-0477,2026-09-30,counter,customer017@example.com,3 x Coffee Beans @ 16.50; 1 x Birthday Cake @ 48.00,97.50,,0.00,7.80,105.30,card,
CL-0478,2026-09-30,counter,customer119@example.com,1 x Croissant Box (6) @ 21.00; 2 x Blueberry Scone @ 3.75,28.50,,0.00,2.28,30.78,card,
CL-0479,2026-09-30,counter,,1 x Cinnamon Roll @ 3.25; 3 x Blueberry Scone @ 3.75,14.50,,0.00,1.16,15.66,card,
CL-0480,2026-09-30,counter,,3 x Blueberry Scone @ 3.75; 1 x Seasonal Pie @ 32.00; 1 x Birthday Cake @ 48.00,91.25,,0.00,7.30,98.55,card,
CL-0481,2026-09-30,counter,customer099@example.com,3 x Sourdough Loaf @ 9.00; 1 x Cookie Box (12) @ 12.00; 1 x Baguette @ 5.00,44.00,,0.00,3.52,47.52,card,
CL-0482,2026-09-30,counter,customer054@example.com,1 x Blueberry Scone @ 3.75,3.75,,0.00,0.30,4.05,cash,
CL-0483,2026-09-30,online,customer150@example.com,2 x Croissant Box (6) @ 21.00; 1 x Blueberry Scone @ 3.75,45.75,,0.00,3.66,49.41,card,
CL-0484,2026-09-30,counter,customer111@example.com,3 x Sourdough Loaf @ 9.00,27.00,,0.00,2.16,29.16,cash,
CL-0485,2026-09-30,counter,,1 x Cinnamon Roll @ 3.25; 1 x Sourdough Loaf @ 9.00,12.25,,0.00,0.98,13.23,card,
CL-0486,2026-09-30,online,customer057@example.com,1 x Birthday Cake @ 48.00; 1 x Seasonal Pie @ 32.00,80.00,,0.00,6.40,86.40,cash,
CL-0487,2026-09-30,counter,customer119@example.com,3 x Cookie Box (12) @ 12.00; 2 x Coffee Beans @ 16.50; 2 x Blueberry Scone @ 3.75,76.50,,0.00,6.12,82.62,cash,
CL-0488,2026-09-30,counter,,2 x Cinnamon Roll @ 3.25; 3 x Sourdough Loaf @ 9.00; 2 x Coffee Beans @ 16.50,66.50,,0.00,5.32,71.82,card,
CL-0489,2026-09-30,counter,customer054@example.com,2 x Baguette @ 5.00; 3 x Cookie Box (12) @ 12.00; 2 x Sourdough Loaf @ 9.00,64.00,,0.00,5.12,69.12,card,
CL-0490,2026-09-19,online,customer110@example.com,1 x Cookie Box (12) @ 12.00; 3 x Sourdough Loaf @ 9.00; 1 x Seasonal Pie @ 32.00,71.00,,0.00,5.68,76.68,card,
CL-0283,2026-09-17,counter,customer082@example.com,1 x Seasonal Pie @ 32.00; 3 x Sourdough Loaf @ 9.00,59.00,,0.00,4.72,63.72,card,
CL-0029,2026-09-02,counter,,2 x Blueberry Scone @ 3.75; 3 x Cookie Box (12) @ 12.00; 3 x Croissant Box (6) @ 21.00,106.50,,0.00,8.52,115.02,card,
CL-0082,2026-09-05,counter,,1 x Baguette @ 5.00; 2 x Coffee Beans @ 18.00,41.00,,0.00,3.28,44.28,card,
CL-0449,2026-09-27,online,,1 x Sourdough Loaf @ 9.00,9.00,,0.00,0.72,9.72,card,
CL-0073,2026-09-04,online,customer030@example.com,1 x Baguette @ 5.00,5.00,,0.00,0.40,5.40,card,
CL-0471,2026-09-30,online,customer125@example.com,1 x Blueberry Scone @ 3.75; 1 x Coffee Beans @ 16.50,20.25,,0.00,1.62,21.87,card,
